channel_id, channel_title, industry, channel_subscriberCount, channel_videoCount, channel_viewCount, has_email, has_ig, has_fb, has_twitter, has_websites, has_twitch, has_google_plus, twitter_favourites_count, twitter_followers_count, ig_posts_count, ig_followers_count, ig_following_count, keywords
UCpko_-a4wgz2u_DgDgd9fqA,BuzzFeedVideo,health,14806240,5079,12319170151,0,0,1,1,0,0,0,9146,130574,,,,"""buzzfeed viral videos"" BuzzFeed ""BuzzFeed Videos"" ""BuzzFeed Official"" ""Official BuzzFeed"" Funny Humor Comedy ""Try Guys"" ""BuzzFeed Try Guys"""
UC2o2mfKyCvUuI4Or6H2Vr_g,мире необычного - Health & Beauty - HT,health,0,146,30635524,0,0,0,0,0,0,0,,,,,,"""whiteheads extractionblackheads"" comedon milia ""beauty tips"" beauty treatmentacne treatmentdr pimple popper ""dr pimple popper"" ""sandra lee"" ""pimple popper"" extraction blackhead whitehead ASMR cystskin Cyst channelpimple ""channel blackhead"" ""channel acne"" ""channel popping"" ""channel skin"" treatments ""medical education"" ""beauty skin"" problems Cystic Acne ""Pimples And Blackheads"""
UC8yH-uI81UUtEMDsowQyx1g,SABC Digital News,health,239111,80063,152767951,0,0,1,1,1,0,0,55,986597,,,,"""SABC News"" ""SA public broadcaster"" ""SABroadcasting Corporation"" ""South Africa"" SA TV television radio ""radio stations"" watch listen news sport entertainment lifestyle science Africa world politics business online mobile website ""current affairs"" ""special reports"" ""breaking news"" weather financial ""financial indicators"" ""site map"" articles stories opinions analysis commentary"
UC4rlAVgAK0SGk-yTfe48Qpw,BRIGHT SIDE,health,8087731,918,1569172865,0,1,1,0,0,0,0,,,"3,959",600.4k,3,"""Bright Side"" creativity Inspiration"
UCqzZzGs1SxTCmicz8NbiGrQ,As I see it! Patti Dail,health,2073,893,465207,0,0,0,0,0,0,0,,,,,,
UCc9CjaAjsMMvaSghZB7-Kog,BeardMeatsFood,health,225268,242,31004213,0,0,0,0,0,0,0,,,,,,"""eating challenges"" ""uk eating"" ""food challenges"" ""competitive eating"" ""UK Food"" ""Food and Beards"" Fitness"
UCkQO3QsgTpNTsOw6ujimT5Q,Be Amazed,health,2317448,519,542573337,0,1,1,1,0,0,0,,,18,742,"3,171","""top 10"" secrets most amazing ""most amazing"" incredible facts interesting technology documentary people creations mysteries beamazed ""be amazed"""
UCQ7FaPgmzlpv_NAXnkVkyig,EasyHealth,health,57760,324,3428436,0,0,1,0,0,0,0,,,,,,"""easy health"" ""malayalam health tips"" ""mallu health tips"" ""health tips"" ""health tips malayalam"" arogyam ayurveda"
UCiWLfSweyRNmLpgEHekhoAg,ESPN,health,2679731,10420,975021217,0,1,1,1,1,0,0,,,,,,"sports ""sports news"" ""sports live"" ""sports clips"" ""sports videos"" ""sports center"" sportscenter ""sports channel"" ""sports documentaries"" ""first take"" ""the jump"" sportsnation ""outside the lines"" ""nfl live"" ""nba countdown"""
UCiL6WwlHv2DCGpKUjWpSXrg,Cambria Joy,health,627943,313,41483053,0,1,0,1,1,0,0,31792,34923,"1,758",109k,449,get healthy fitness paleo recipes cooking meals beauty lifestyle health Cambria Joy breelovesbeauty
UC295-Dw_tDNtZXFeAPAW6Aw,5-Minute Crafts,health,14518877,1365,4281984870,0,1,1,1,0,0,0,0,21,"2,400",13.3m,3,"""5-Minute Crafts"" DIY ""Do it yourself"" crafts ""useful things"" lifehacks tricks tips ""DIY projects"" ""DIY activities"" Handcraft Tutorial experiments"
UCsT0YIqwnpJCM-mx7-gSA4Q,TEDx Talks,health,11225692,108507,2155870716,0,1,1,1,0,0,0,7532,476467,24,"1,321",41,TEDx TED TEDxTalks Talks Entertainment Design Lectures Education
UCIO6dMmzMboaSk2H2kgLwAA,Saint Paul College,health,230,57,183932,0,0,0,0,1,0,0,,,,,,"""saint paul college"" education ""higher ed"" college ""community college"" minnesota ""st paul"" minneapolis ""twin cities"" ""career training"" degree learning"
UCAHufvd02viJSRdt3ojdPOg,Sarahs Day,health,577133,244,57126036,0,1,1,0,0,0,1,,,"1,221",391.2k,"1,611",
UCTnXL2SKHAo0fHVW1WSaqfw,Evangelist Gabriel Fernandes,health,55733,310,5682397,1,0,1,0,1,0,0,,,,,,"""Evangelist Gabriel Fernandes Port Elizabeth South africa. Anointing"" Lifestyle ""How to"" Fitness Health God Jesus ""Holy Spirit316 Ignite"" tv"
UCmYew1VwdbpHnSFG-CQ1A-A,Jump Rope Dudes,health,206214,446,19838444,0,1,1,1,0,0,0,213,372,"1,375",38.5k,630,"""Zen Dude Fitness"" Zendude ""Zendude Fitness"" ""Zen Dude Fitness Workout"" ""Zen Dude"" ""Jump rope workout"" ""skipping rope workout"" ""how to jump rope"" ""jump rope"" ""jumping rope"" ""how to jump like a boxer"" skipping ""jump rope transformation"" ""jump rope tricks"" ""rope workout"" ""hiit jump rope workout"" ""how to jump rope for beginners"" ""rope jumping workout"" ""jump rope workout to lose weight"" ""jump rope beginner"" ""skipping workout"" ""jump rope dudes"""
UC1vdi4J54ucetZoFAfQenMg,Laidback Luke,health,200537,207,13986619,0,1,0,1,0,0,1,54,844196,"2,254",537.4k,181,Laidback Luke Mixmash Records Show Me Love Hey Timebomb Till Tonight Super You&Me
UCqldU0UqpPMUjWZjSFMU1kg,Global Amlife,health,0,74,66433,0,0,0,0,0,0,0,,,,,,Wellness Sleep Health Hoslictic
UCHRW-K2xUtePWQnWqUan1XQ,Mana Health,health,262202,1159,114840916,0,0,0,0,0,0,0,,,,,,
UCUXTfjk-7PcxRwqo_-gagrg,Hip Hop TV WHY,health,85181,1903,30963379,0,1,1,1,1,0,1,0,66,19,254,"2,632","""hip hop"" rap music ""why tv"" tv news"
UCb_kshGodseYhLPcDtxWv5w,Meditation Relax Music,mindfulness,1106803,123,410593548,0,0,1,0,1,0,1,,,,,,"""Music for Massage"" ""Relaxing Music"" ""Music for Relaxation"" ""Relaxing Massage Music"" ""Music for Meditation"" ""Meditation Music"" ""Music for Stress Relief"" ""Yoga Music"" ""Music for Yoga"" ""Zen Music"" ""Music for Sleeping"" ""relax music sleep"" ""zen meditaiton music"" reiki ""peaceful music"" ""relax massage music"" zen chakra ""chakra meditation"" meditation ""relax music"" soothing balance ""healing music"" spa ""soft music"" ""spa music"" relaxing ""deep sleep"" music ""ASMR Music"" ""relaxation music"" ""calm music"" calm"
UCgeicB5AuF3MyyUto0-M5Lw,Actualized.org,mindfulness,703467,353,56458781,0,0,1,1,0,0,1,0,3688,,,,"personal development self-help self-development ""life coaching"" self-actualization actualized"
UCZ0XvEszYoBrDzBgUKEwVEA,Happify,mindfulness,39768,21,2704913,0,0,0,0,0,0,1,,,,,,"happiness ""positive psychology"" mindfulness meditation ""science of happiness"" inspiring inspiration"
UC4jWo5kiyOCt4PnvF4jbaLg,The Honest Guys - Meditations - Relaxation,mindfulness,702885,376,245568211,0,0,1,0,0,0,0,,,,,,"""guided meditations"" ""guided sleep meditation"" ""deep relaxation"" ""relaxing music"" ""sleep music"" ""guided sleep"" ""guided visualisation"" ""guided imagery"" ""fantasy meditations"""
UCbmNph6atAoGfqLoCL_duAg,Talks at Google,mindfulness,699144,3896,110521931,0,0,0,1,0,0,1,64,304772,,,,authors politics economics musicians leaders chefs lectures google talks filmmakers books fiction nonfiction live music
UCC2wGSfjKeEo97n4caCT3dA,AnimateEducate,mindfulness,1076,3,142446,0,0,0,0,0,0,0,,,,,,Animated Educational Videos
UCK8sQmJBp8GCxrOtXWBpyEA,Google,mindfulness,5930570,2046,1669454127,0,0,0,1,0,0,0,966,20111706,,,,"Google Technology Science Android ""Google app"" ""Google drive"" Gmail ""Google Maps"" Nexus ""Google Doodles"" ""Google Zeitgeist"""
UCFKFjmGHWdxcOyAPQjPAStA,PsychAlive,mindfulness,11917,383,2568054,0,0,0,0,0,0,1,,,,,,"psychology psychalive self-help therapy psychological ""robert firestone"" ""lisa firestone"""
UCAuUUnT6oDeKwE6v1NGQxug,TED,mindfulness,9229782,2625,1000005273,1,0,0,0,1,0,0,,,,,,TED TEDtalks talks ideas worth spreading technology entertainment design
UCu_mPlZbomAgNzfAUElRL7w,The Mindful Movement,mindfulness,46516,65,4071265,0,1,1,0,1,0,0,,,91,"1,889","6,735","meditation mindful mindfulness ""guided meditation"" hypnosis health ""stress relief"" ""Sara Raymond"""
UCqPYhcdFgrlUXiGmPRAej1w,Jason Stephenson - Sleep Meditation Music,mindfulness,728157,735,188821236,0,0,1,1,1,0,1,5638,4405,,,,"""mindfulness meditation"""
UCfhriu7_lnhebuwzesUaobQ,Mindfulness Academy Scandinavia,mindfulness,1771,2,158400,0,0,0,0,0,0,1,,,,,,"""mindfulness Jon Kabat-Zinn"" ""Johan Bergstad"" ""mindfulness based stress reduction"" MBSR ""working life"" ""health care"" ""Andries Kroese"" ""Center for mindfulness"" ""mindfulness academy Scandinavia"" psychologist"
UCvQECJukTDE2i6aCoMnS-Vg,Big Think,mindfulness,2186817,10590,248637028,0,0,1,1,0,0,1,11181,124028,,,,"""Big Think"" BigThink.com bigthink big think education science philosophy tech"
UC0v0ykoFVe1SvfOmJXgyWew,Meditaciones Guiadas,mindfulness,87960,450,13503065,0,0,1,0,0,0,1,,,,,,"meditacion ""meditacion guiada"" mindfulness ""atencion plena"" ""meditaciones guiadas"" relajacion ""relajacion guiada"" medita meditar relajarse hipnosis autohipnosis descansar ""paz interior"" ""relajar mente"" ""calmar emociones"""
UCmzAvLjPYUfY0ELVz-TOPbw,Dartmouth,mindfulness,17089,1938,7712874,0,1,1,1,0,0,1,7562,57572,979,41.6k,"1,876","dartmouth college ivy league higher education big green hanover ""new hampshire"" university students faculty academics research"
UCFKE7WVJfvaHW5q283SxchA,Yoga With Adriene,yoga,3225483,392,248794987,0,1,1,1,0,0,0,51206,64019,154,35.7k,79,"yoga ""yoga videos"" ""free yoga videos"" ""yoga for weight loss"" ""yoga for beginners"""
UCWN2FPlvg9r-LnUyepH9IaQ,Boho Beautiful,yoga,715625,162,71904791,1,1,1,0,0,0,0,,,415,121.4k,115,Yoga. Travel. Fitness. Vegan. Animal Love.
UCHJBoCDxaCTRrwCHXEBA-BA,Mady Morrison,yoga,149649,112,13416810,1,1,1,0,0,0,1,,,"1,757",90.6k,557,"Yoga Fitness Lifestyle Travel Reisen ""Yoga Video"" ""Fitness Videos"" Rezepte Vlog Vlogs gesund healthy meditation sport anfänger anfaenger kostenlos"
UCfSfmz2upWEG4_BizW3819A,Dallin Forsyth,yoga,15302,143,657012,0,1,0,1,0,1,0,,,41,12k,266,Vlog Dallin Forsyth Doogan
UC9jBSAEPF5egz7S2dT7zxEQ,SwimSwam,yoga,17746,2226,8988215,0,0,0,0,0,0,1,,,,,,"swim swimming ""swimming news"" Olympics ""Olympic Swimming"" FINA"
UCoenT2MlAYi1kyY7HltNOSw,Andjela&Nadja,yoga,430142,1561,258187093,0,1,1,0,1,0,1,,,709,288.4k,523,"Andjela&Nadja ""Twerk challenge"" ""night routine"" yoga smoothie tipovi Aki&Naki"
UCcox27Gc-NGbb2-X9hdLaMw,Fightmaster Yoga,yoga,365569,469,27305496,0,0,0,0,0,0,1,,,,,,"yoga fitness ""morning yoga"" ""yoga videos"" ""free yoga videos"""
UC5mBckDIQ5TXx8O6miudluw,Grace Diaz,yoga,30031,82,5649489,0,0,0,0,1,0,1,,,,,,
UCwobzUc3z-0PrFpoRxNszXQ,YellowBrickCinema - Relaxing Music,meditation,2137113,2000,841300270,0,0,1,0,0,0,1,,,,,,"Music Yellowbrickcinema ""sleep music"" ""study music"" ""classical music"" ""meditation music"" ""music for stress relief"" ""study concentration music"" ""music for studying and concentration"" ""relax music"" ""relaxing music"" ""relaxation music"" ""yoga music"" ""focus music"" ""deep sleep music"" ""baby music"" ""classical music for studying"" ""relaxing classical music"" ""healing music"" ""instrumental music"" ""guitar music"" ""piano music"" ""reiki music"" ""zen music"" ""soothing music"""
UCjzHeG1KWoonmf9d5KBvSiw,Soothing Relaxation,meditation,887814,307,245031412,0,1,1,0,0,0,0,,,56,790,121,relax relaxing relaxation music meditation sleep
UC9GoqHypa-SDrGPMyeBkjKw,Michael Sealey,meditation,563740,136,109475352,0,0,0,0,0,0,1,,,,,,"hypnosis ""sleep hypnosis"" ""guided meditation"" meditation mindfulness hypnotherapy ""lucid dreaming"""
UCQeSvxVXZXW66yGxAuOVeJg,Beauty Tricks,makeup,133547,80,32919679,0,0,0,0,0,0,0,,,,,,"""Beauty Trick"" ""VIRAL MAKEUP"" ""HOW TO MAKEUP"" ""MAKEUP FOR BEGINNERS"" ""MAKEUP TUTORIAL"" ""EASY MAKEUP"" LIPSTICK ""BEAUTYFUL LIPS"" ""VIRAL 2017"" ""NEW MAKEUP IDEA"" ""BEST MAKEUP"" ""MAKEUP SKILLS"" DRUGSTORE EYELINER EYESHADOWS ""CUT CREASE"" CONTOUR ""BODY CONTOUR"" ""SMOKEY EYE"" ""SUMMER MAKEUP"" ""MAKEUP COMPILATION"" ""SATISFYING VIDEO"" ""hooded eyes"" BEAUTY USA ""Young girl's makeup"" glamour ""how to"" cosmetics glitter princess ""nikkie tutorials"" gorgeous ""HAIR TUTORIAL"" ""HAIR STYLE"" ""NEW HAIR 2017"""
UCKMugoa0uHpjUuq14yOpagw,Laura Lee,makeup,4240597,484,398917359,1,1,1,1,1,0,0,28356,357147,"2,210",2.1m,320,"""Laura Lee"" haul makeup tutorial ""how to"" ""beauty review"" ""boob contour"" contouring"
UCzTKskwIc_-a0cGvCXA848Q,NikkieTutorials,makeup,9151379,653,760495148,1,1,1,1,0,0,0,582,1127525,"2,976",9.6m,565,"nikkietutorials nikkitutorials ""power of makeup"" ""makeup tutorial"" makeup beauty cosmetics ""first impressions"" review swatches ""get ready with me"""
UCRYe4G08okte96rmocFNU1g,Loren Gray,makeup,2035938,32,59981419,1,1,1,1,0,0,0,34278,794332,801,9.3m,210,"""Loren Gray"" Music Vlog Comedy ""Shots Studios"""
UCX5YDK0_R_4Hf01piyiTeRA,Beauty Club,makeup,0,263,37274034,0,0,0,0,0,0,0,,,,,,Beauty Compilation
UCucot-Zp428OwkyRm2I7v2Q,James Charles,makeup,3149706,105,198861743,1,1,0,1,0,0,0,66142,624886,527,3.4m,279,"""james charles"" james charles covergirl coverboy ""makeup artist"" ""boy makeup"" makeup beauty tutorial review singing"
UCx_zPBIcjo2jGgaSF0_W5yA,Livloveshermakeup,makeup,74051,1201,10840846,0,1,0,0,0,0,1,,,,,,Beauty Fashion Makeup Skincare Music
UCXoY0ZeHZBe0p-ByCiYP_XQ,Denitslava Makeup,makeup,1241871,121,74998461,1,1,1,1,1,0,0,25,3246,459,782.1k,666,"makeup ""makeup tutorial"" eyeliner eyebrows eyeshadow lipstick ""drugstore makeup"" hair beauty cosmetics"
UCyJjJ9jDAv27n09_-FSIRCg,Beauty Compilations,makeup,304294,70,52462823,0,1,0,0,0,0,0,,,12,507,172,
UC79Pfi2FCgEHjLqBbGDnKwA,Monami Frost,makeup,609933,287,53532554,1,1,1,1,1,0,0,34,16717,"3,510",1.5m,330,Monami Frost
UCp5bjkAcMNFo_6HJ3oEGdug,Sylvia Gani,makeup,1809749,216,143050116,0,1,1,1,0,0,0,2485,153404,415,608.3k,736,"""sylvia gani"" sylviagani ""wolfieraps girlfriend"" ""beauty vlogger"" ""full face using"" ""full face"" ""product review"" testing tested ""beauty hacks"" ""instagram hacks"""
UCbAwSkqJ1W_Eg7wr3cp5BUA,Safiya Nygaard,makeup,4137615,98,378436986,0,1,1,1,0,0,1,,,589,989.5k,581,
UCDTtciKkf_AzXtKNUjkUEPg,Shay Mitchell,makeup,3091994,163,109088552,0,1,1,1,0,0,0,1298,3657578,,,,"""Shay Mitchell"" ""Shay Mitchell YouTube"" ""Pretty Little Liars"" ""Emily Fields"" ""ABC Family"" ""Lucy Hale"" ""Ashley Benson"" ""Troian Bellisario"""
UC_GvMVffgctSISDkeWlKhXQ,dope2111,makeup,5009324,205,1389129679,1,1,1,1,1,0,1,12524,73809,868,1.1m,514,"""Makeup guru"" ""make-up tutorials"" cosplay ""coastel scents"" Mac ""urban decay"" Lancome Avatar ""Bridal makeup"""
UC8eddFhkkRT6ZbNEsXmohcA,Ahliyah Michelle,makeup,48160,126,680443,1,1,1,1,0,0,0,,,438,"5,884",586,"beauty makeup skincare tutorials ""how to"" reviews hair"
UCRXiA3h1no_PFkb1JCP0yMA,Vogue,beauty,2162413,1938,480344959,0,1,1,1,0,0,1,5866,13657365,"4,421",17.6m,416,"Vogue fashion style gwen stefani beauty editor ""editor's eye"" rihanna ""anna wintour"" anna wintour"
UCPysUN0JqpR6glhIXpN3nPA,MissTiffanyMa,beauty,1642823,168,81973566,1,1,1,1,1,0,0,6683,149540,"1,132",469.1k,829,"fashion diy fitness makeup ""beauty guru"" trends diet exercise asian girl female misstiffanyma"
UCvQgkrOiwcV9_C2Hj2IgeLw,BEAUTY NEWS,beauty,295081,291,37539870,0,1,1,0,1,0,0,,,"1,505",28.6k,108,"""Beauty news"" ""the makeup breakup"""
UCM4TTZzsfYVMf9fhWmZTTlA,Rich Lux,beauty,122982,560,25834919,1,1,0,0,0,0,1,,,311,64.3k,465,"cosmetics beauty travel fashion lifestyle makeup luxury latino gaming ""video games"" toys ""video mac"" ""LOUIS VUITTON"""
UC9YX5x_VU8gfe0Oui0TaLJg,Sephora,beauty,961556,2366,139240517,0,0,1,1,0,0,1,7137,2386276,,,,"sephora beauty howto tutorial vlog cosmetics makeup eyeshadow ""smoky eye"" primer foundation smoky blush youtube channel video how-to ""how to"" hauls haul review reviews make-up tips tricks instructions directions"
UCPUKhuf4u5miq_WPzmQtklg,Gorata Ndebele,beauty,200,1,56556,0,0,0,0,0,0,1,,,,,,
UC_ICYdBI1ZiMMYWQJtFsq3w,Slavabeautytips,beauty,98407,315,9972858,1,1,0,1,0,0,1,1465,1923,"2,800",60k,125,slavabeautytips slava beauty tips blogger yaroslava kirichok макияж англия лондон мода влоги
UCBKFH7bU2ebvO68FtuGjyyw,Roxxsaurus,beauty,2647490,305,180149336,1,1,1,1,0,0,0,14024,188534,"1,498",386.5k,611,DIY how to beauty fashion makeup clothes hauls lookbook tutorial blonde teenager tutorials lifehacks lifestyle hacks
UClLBaAzNuYzBSQjpDyp144w,Matilda,beauty,28721,94,1170123,0,0,0,0,0,0,0,,,,,,
UCbO9bltbkYwa56nZFQx6XJg,Manny Mua,beauty,4426872,301,300351942,1,1,1,1,0,0,1,156441,1083980,"2,026",4.4m,386,
UC21yq4sq8uxTcfgIxxyE9VQ,Carli Bybel,beauty,5856703,469,536523393,1,1,1,1,0,0,1,10879,567209,357,2.3m,2,"contour highlight ""carli bybel"" carlibel55 carlibybel carlibel ""kim kardashian"" makeup hair tutorial ""smokey eye"" ""pro secrets"" ""makeup mistakes to avoid"" ""how to"" easy fun hairstyles lessons"
UC2FfVEv0OvCEPktseWo7LrA,Dihya Beauty ⵣ,beauty,205730,128,13009882,0,1,1,1,0,0,0,80,370,293,44.8k,143,جزائرية مغربية مصرية عربية امازيغية اروبية خليجية تغني ترقص تقلد جميلة افضل احسن اسرع اقوى تحدي تحديات مقلب مقالب vlog طريقة برنامج فيلم مسلسل تعلم جديدة شاب رجل طفل فتاة بنات حجاب محجبة خلطة وصفة ماسك تبييض تفتيح نزع ازالة الشعر وجه يدين جسم مناطق حساسة بشرة دهنية جافة مختلطة نفخ شفايف تكبير تصغير العيون youtubeuse algérienne منتجات عناية ترطيب تقشير تنظيف المطبخ اكل حلويات makeup تسريحات روتين اسهل عروس مدرسة haul Tutoriel معلومات
UCwRenK7z1CzvxMcQgzYFrtg,Beauty Tips - Topic,beauty,691014,0,0,0,0,0,0,0,0,0,,,,,,
UCR96_hHJu3HE6vmu39_bRAw,Jen Luvs Reviews,beauty,124852,1340,14697480,1,1,0,0,0,0,0,,,"1,100",14.4k,"1,019",reviews make up tips makeup news beauty guru top best awesome talented incredible urban decay tarte boxycharm favorite favorites brand subscription box
UC4qk9TtGhBKCkoWz5qGJcGg,Tati,beauty,3871616,1292,777431633,0,1,1,1,0,0,0,14506,508826,"1,190",1.2m,429,"YouTube beauty ""makeup tutorials"" ""beauty channel"" ""Makeup Reviews"" ""Beauty Expert"" Tutorial Drugstore Reviews GlamLifeGuru ""beauty by Tati"" ""makeup artist"" ""Pro MUA"" Sephora ""how to"" ""Beauty Haul"" easy quick fun"
UC2WuPTt0k8yDJpfenggOAVQ,Blossom,beauty,1283840,66,222103892,0,0,1,0,0,0,0,,,,,,"Blossom ""Blossom DIY"" DIY ""DIY Videos"" ""diy activities' life hacks"" projects ""Do It Youself"" hacks lifehacks tricks crafts ""how to"" craft ""back school back school"" ""home decor idea"" ""do it yourself"" ""crafts for kids"""
UCcU9BRrknOMR4loeZNBCR6g,funnypilgrim,beauty,346419,1274,84270768,0,1,1,1,0,0,0,8601,35065,"2,219",120k,"1,190","Beauty schönheit tutorial ""make up"" schminken funnypilgrim haul fashion kochen"
UCZF8rswpPhDhLDIFacEelHw,shook,beauty,308265,142,58679012,0,0,0,0,0,0,0,,,,,,
UCpKy9xHSSsCeMwsu-1OWyhw,brittanyd18,beauty,11233,3,11059747,0,0,0,0,0,0,0,,,,,,
UCrOoCdS5Zz55qF0QHvZriyQ,John Kuckian,beauty,316315,188,51355674,0,1,0,0,0,0,0,,,16,61.6k,0,john kuckian british youtuber kuckians courtroom funny comedy fresher freshers drama gossip tea jaclyn hill carli bybel nikkietutorials boy man cute
UCssD3_aDYhaG44mwP53CO0w,littlemixVEVO,hair,8355358,117,3096683682,0,0,0,1,0,0,0,5214,11506184,,,,vevo music video official
UCZ-C3MumgpIahFQfUdwC6Ig,LifeBeauty,hair,1501661,751,461422917,0,0,0,0,0,0,0,,,,,,"""nail art"" lipstitck nails ""lipstick tutorial"" compilation ""nail art tutorial"" ""nail art design"" hair hairstyles ""hairstyles tutorials"" diy ""how to"" clothes ""life hacks"" ""diy clothes"" ""diy phone case"" ""diy room decor"" ""room decor"" makeup instagram ""eye makeup"" ""diy crafts"""
UCay_OLhWtf9iklq8zg_or0g,Boldly,hair,9203112,3443,8596608419,0,0,1,1,0,0,0,9146,130574,,,,"BuzzFeed ""BuzzFeed Yellow"" ""BuzzFeed Videos"" Funny Humor ""Social Issues"""
UCvBB6OGtQcNXWdT68OgyGUw,Beautycanbraid,hair,880251,322,134091500,0,1,1,0,0,0,1,,,11.7k,493.3k,"2,101","""hair braiding"" ""crochet braid"""
UC7szm7Z-YOF_HiFSY7KtYGw,Haley Pham,hair,594043,200,31894317,0,1,0,0,0,0,1,,,,,,"""haley pham"""
UCIk2OuKT6k-KRZdQ3dKtgkQ,DIY Everyday,hair,293085,224,67581398,0,0,0,1,0,0,1,77,20,,,,"""makeup tutorial"" ""make up"" beauty cosmetics contour lipstick blush diy glitter nails hair hairstyle tutorial"
UCG8rbF3g2AMX70yOd8vqIZg,Logan Paul Vlogs,hair,16887838,502,3342127727,0,1,1,1,1,0,0,19182,4383700,809,16.1m,165,comedy vlogs adventure vacation travel plane vine vines Facebook creator influencer bros hilarious american ohio brother bro blonde athletic ripped buff
UC5Sy6opw8MT_vKcRqX1QDsg,George7575,hair,11142,13,34176179,0,0,0,0,0,0,0,,,,,,
UCxnYiv7s4698GRIlGE1_T7g,Amberry,hair,111295,122,13515199,0,0,0,0,0,0,0,,,,,,"girl roblox ""no swearing"" ""No cursing"" roleplay ""family friendly"" amberry ""girl gamer"" ""phantom forces"" ""family friendly roblox"" gameplay ""no swearing gameplay"" ""roblox roleplay"" ""roblox adventures"" ""funny moments"" ""no swears"" ""play roblox"" ""roblox minigame"" ""roblox animation"" ""kid friendly"" ambery amberryt amberyyt amberYT"
UCPOIFuct7fjWKkiDRTNJqrg,Totally TV,hair,2239189,370,361274739,0,1,0,1,0,0,1,48,872,511,33.1k,14,"""Totally TV"" ""Disney Toys Fan"" DisneyToysFan Totally.TV"
UCw95JvOs39snnMPkYs-6Sog,Jasmine Brown,hair,1748706,268,104680706,1,1,0,1,0,0,0,4348,48849,"2,223",879.3k,559,"Hair beauty fashion hispanic ""african american"" lifestyle tutorial vlog"
UCvM7efGeikAsDnsBr3MmL5g,Shawntas Way,hair,160885,246,13211724,0,1,1,1,0,0,1,3191,1366,520,15k,184,Shawntas Way
UC88--r3FklrnWjfzRy7LUIg,Chizi Duru,hair,187561,179,15402505,0,1,1,1,0,0,0,1068,2265,265,71.1k,580,natural hair 4c 4b nigerian african random teenager life love vlogger product reviews high school college beyonce big american braids tutorial
UCtzwABmVmZ6NDf7D544RuQw,Humble The Poet,hair,189030,367,13421825,0,1,1,1,0,0,1,6062,94156,"3,263",274.3k,858,"""humble the poet"" ""young fateh"" ""kanwer singh"" ""kanwar singh"" ""baaghi music"" ""baagi music"" humblethepoet music unlearn unlearn101 vlog blog quotes inspiration advice learning toronto ""hip hop"" rapper #leh leh superwoman iisuperwoman punjabi ""jus reign"" akakaamazing videos motivation"
UCF1Q_zp3Eh3nuEHvMbdKkqg,AlishaMarieVlogs,hair,2617489,647,384398640,0,0,0,0,0,0,1,,,,,,"""vlog channel"" ""alisha marie"" vlog vlogger vlogging ""alisha marie vlogs"""
UCRWMaVAQWgmaFkOjK-4RAIg,Hannah Forcier,hair,212520,92,20723614,1,1,0,1,0,0,0,9225,2108,136,30.4k,313,"""Hannah Forcier Youtube"" ""Hannah Forcier Youtube Channel"" ""Hannah Forcier Channel"" ""Youtube Hannah Forcier"" ""Youtube channel Hannah Forcier"" ""Channel Hannah Forcier"" ""Hannah Forcier Hair"" ""Beauty Blogger"" ""how all my hair fell out by making one mistake"" Beauty"
UCFEjAGTnebT3TDeYtdW9-sQ,Janae Mason,hair,90366,202,8543861,1,1,1,0,0,0,1,,,"2,266",111.9k,"2,762",
UCet0-PKF0k1ibY8vwK3vUTA,Fancy Hair,hair,392848,264,28356930,1,1,1,1,0,0,1,9,421,"3,401",20.4k,195,"""fancy hair"" ""niki sky"" ""get fancy hair"" ""fancy hair extensions"" ""fancy hair tutorials"" ""hair tutorials"" hair hairstyle hairstyles ""how to"" grow braid longer thicker heatless ""no heat"" ""fancy hairstyle"" ""heatless hairstyles"" ""no heat hairstyle"" ""wavy hair"" ""curly hair"" ""hairstyles for long hair"" ""hairstyles for medium hair"" ""braided hairstyle"" ""boho hairstyle"" ""beachy waves"" beach waves ""everyday hair"" ""every day hair"" ""heatless waves"" curls ""heatless wavy hair"" curly"
UCzBWiqz5FUesyxZ6KdaA82g,"Cake, DIY, Makeup, Hairstyles, Nail Art - Topic",hair,0,190,87444676,0,0,0,0,0,0,0,,,,,,
UCMOTCjsUTvu_O4Rj1i06VtA,Misha Grimes,hair,47947,185,4215098,1,1,1,0,1,0,1,,,"1,606",25.8k,"1,098",Fashion Beauty Lifestyle Clothes Makeup Vlogs
UCKjrT7t9h6GsSkzhFe0ccDA,Zendaya,hair,804207,149,79990920,0,1,1,1,0,0,1,29568,12793202,205,69.6k,48,Shake it up zendaya coleman bella thorne disney channel mickey mouse selena gomez demi lovato justin bieber swag out watch me break down ce rocky zendaya.com
UCLtREJY21xRfCuEKvdki1Kw,H3 Podcast,podcast,1345626,56,83688608,0,1,0,1,0,0,0,13665,1796607,607,1.5m,113,"""h3 podcast"" podcast h3h3 h3h3productions ""ethan and hila"" ""ethan klein"" ""hila klein"""
UCAOwW6UWDZDFZ5meGS-lQhQ,Jenna Julien,podcast,561462,176,48665004,0,1,0,1,1,0,0,,,,,,
UCVwKDO6BlzL0lBZDSpPv9lw,Chuckie Online,podcast,14572,53,1316922,0,0,0,0,0,0,1,,,,,,
UCzH3iADRIq1IJlIXjfNgTpA,Rooster Teeth,podcast,9433937,7704,5407928717,0,1,1,1,0,0,1,10183,1039331,532,305.1k,54,"minecraft gta grand theft auto halo lazer team rwby ruby rose redvsblue red vs blue rvb rooster teeth roosterteeth machinima xbox angry birds achievement ""RT Shorts"" rt shorts funny comedy"
UCZZHPXsg6LopvdOKF7qM6cQ,H3 Podcast Highlights,podcast,407772,160,63724987,0,0,0,0,0,0,0,,,,,,
UCboMX_UNgaPBsUOIgasn3-Q,Funhaus,podcast,1317021,1580,775194450,0,1,1,1,1,0,1,4436,239599,76,106.3k,8,
UCq6VFHwMzcMXbuKyG7SQYIg,penguinz0,podcast,2110878,1241,606138234,1,1,0,1,1,0,1,0,171107,31,66.3k,0,Cr1TiKaL Gears of War Call Duty Battlefield Bad Company Fun Tactics
UCctXZhXmG-kf3tlIXgVZUlw,GaryVee,podcast,1187823,1732,96097188,0,1,1,1,0,0,0,55177,1692009,"3,219",3m,"2,473","entrepreneur vlog vlogger business ""gary vaynerchuk"" garyvee dailyvee askgaryvee ceo marketing ""business advice"" ""social media"" investor success ""social media marketing"" ""social media strategy"" ""self help"" advice"
UCxxcWWEicSLu1JTjacA0Z-A,Pilkboys,podcast,27280,363,11130993,0,0,0,1,0,0,0,38514,13028399,,,,karl pilkington ricky gervais stephen merchant series season episode xfm podcast compilation man moth funny
UCm7LF508JU4jNqH4s78prkg,UNSTABLE'D PODCAST,podcast,6639,26,348257,0,0,0,0,0,0,0,,,,,,
UC6YuttrRJ_LZNddA_DJ_VSQ,Pilipinas Got Talent,comedy,846708,858,506816874,0,1,1,1,0,0,1,224,17777,369,22k,33,"""got talent"" ""philipines got talent"" ""pilipinas got talent"""
UCu1jQRLRj9rA3jGA11N_xbA,InfamousAllegiance,comedy,18025,96,24909671,0,0,0,0,0,0,1,,,,,,infamousallegiance 2pac tupac comedy dave chappelle bruce jamie foxx sarah silverman rap hip hop humor comic stand up comedian
UCvlVuntLjdURVD3b3Hx7kxw,Dry Bar Comedy,comedy,61190,664,11146621,0,0,1,0,0,0,0,,,,,,"""Clean Comedy"" ""Clean Programming"" VidAngel ""Dry Bar"" ""Dry Bar Comedy"" Stand Up Comedy"
UCDnEa2HC2eeT-cN3pAKnNTw,MusicTalentNow,comedy,0,1215,2231678616,0,0,0,0,0,0,1,,,,,,"music talent singing ""singing solo"" voice ""top voice"" ""x factor"" ""the x factor"" ""got talent"""
UCD_4wBmMO46YRg5v1La9t4Q,MotleyTV,comedy,0,3,644182,0,0,0,0,0,0,0,,,,,,
UCdOeOzEeJa-v57sYlKehuHg,Comedy Raj,comedy,4229,23,577309,0,0,0,0,0,0,0,,,,,,"""Rajasthani Comedy"" ""New Rajasthani comedy"" ""Marwadi Comedy"" ""Hariyanvi Comedy"" ""Comedy Raj"" ""Murari Lal Comedy"" ""New Comedy"""
UCUPD0jQo-EP0B1Nf4uzeIMA,Mazhavil Manorama,comedy,1571686,24755,1626822481,0,0,1,1,0,0,1,89,4320,,,,Mazhavil Manorama Malayalam Kerala TV episode channel
UC1mgLR4aJ9SL3akCNWkOjqw,Bhagath Goud,comedy,830,6,15472,0,0,1,0,0,0,0,,,,,,"""bhagath goud"" ""Telugu vines"" ""comedy vines"" telugu ""telugu comedy"" ""telugu funny videos"" latest 2018"
UCUsN5ZwHx2kILm84-jPDeXw,Comedy Central,comedy,6074987,4089,3097709575,0,1,1,1,1,0,1,40351,1574453,"4,321",796.6k,151,Comedy Central videos funny clips comics stand-up shows Roast Charlie Sheen SheenRoast Workaholics Ugly Americans Futurama Jon Benjamin Van Download
UC-ZNqxVmrEHVRSvRFRhutrA,RethinkingLife,comedy,94197,174,12625719,0,0,0,0,0,0,1,,,,,,"Anime manga naruto ""naruto shippuden sword art online"""
UCmAPdImtXLGh5E-lTTH4Qmg,Flowers Comedy,comedy,939860,1381,770013488,0,0,1,1,1,0,1,87,2047,,,,"""flowers tv"" ""flower tv comedy night"" ""flower tv comedy"" ""flower tv malayalam"" ""comedy nite flowers"" ""comedy nite"" ""comedy nite flowers channel"" ""suraj venjaramoodu latest comedy"" ""suraj venjaramoodu comedy"" ""malayalam comedy"" ""malayalam comedy movies"" ""flowers smart show"" ""flowers star challenge"" ""flowers tv serial"" ""flowers tv indian music league"" ""flowers tv comedy super nite latest"""
UCt9-QMH-92EafTUWkVu8PMA,Jagdish Chaturvedi,comedy,99920,40,4987633,0,0,0,1,1,0,0,,,,,,"""Stand up"" ""stand up comedy"" ""comedy show"" india ""comedy show hindi"" ""stand up india 2017"" ""Jagdish Chaturvedi"" reaction"
UC4MgQnhmgNDJnq-KK8hlEOg,87PFC,comedy,828,3,799058,0,0,0,0,0,0,0,,,,,,
UCiodaA8ksQTXSDwBYbP3NRQ,Nigerian Comedy,comedy,33572,1297,6640912,0,0,0,0,0,0,0,,,,,,
UCS-ML4Hw4FBXKGL_PzIFlFA,BANGLA COMEDY,comedy,0,369,97915987,0,0,1,0,0,0,0,,,,,,"""Bangla Cinema Comedy"" ""Bengali comedy"""
UC5B3wjlBMGbU6rA3Aq5xZsQ,Walter Latham Comedy,comedy,206125,780,126763710,0,0,1,1,0,0,1,489,1599,,,,"""Original Kings of Comedy"" ""Queens of Comedy"" ""Bernie Mac"" ""George Lopez"" ""Chris Rock"" ""Chris Tucker"" ""Richard Pryor"" ""Redd Foxx"" ""George Carlin"" ""Kevin Hart"" ""Steve Harvey"" ""Tyler Perry"" Madea ""Eddie Murphy"" ""Martin Lawrence"" SNL ""Comedy Central"" ""Comic View"" ""Martin Lawrence 1st Ammendment"" ""Shaqs All Star Comedy Jam"" ""Jenna Jameson"" ""Rosa Acosta"" =3 ""equals 3"" Comedy Comedian Funny"
UCW6_6NSn7z5ht6qNHFNnMiQ,Kevin Dollabillz,comedy,10382,25,4527591,0,0,0,0,0,0,1,,,,,,"utopia ""big brother"" ""utopia on fox"" ""big brother feeds"" ""big brother cams"" ""reality tv"" dollabillz ""kevin dollabillz"""
UCQmZ9BIYOBSkxL-eqqg5z-g,MarkAngelComedy,comedy,1784745,158,391435348,0,0,0,0,1,0,1,,,,,,"""mark angel comedy"" ""mark angel"" ""comedy skits"" ""funny videos"" ""naija videos"" ""standup comedy"" emanuella ""denilsion igwe"" ""mark ebere"""
UCK1c5CXY57qNYNp-WrEepqA,Ancestral Lineage Media,comedy,0,170,4194296,0,0,0,0,0,0,1,,,,,,vlog politics educational News people
UCpfuFM5cs0ggtkJM2dNbH8w,Comedy Time,comedy,0,512,19563797,1,0,0,0,0,0,0,,,,,,
UCWMZRtU2xRYVkYlUwtsW-xw,Silwala Comedy Club,comedy,10855,34,1328835,1,0,0,0,0,0,0,,,,,,
UC_arKvtX-6fpsbQwwm43Ecg,Pk mAST,comedy,550560,1178,347219619,0,0,0,0,0,0,1,,,,,,"""PK Mast"" Pakistani Stage Drama"
UC5BcIVRHqDr1kInDOfq_1aA,PsimoesWeb Comedy,comedy,9864,23,8154607,0,0,0,0,0,0,0,,,,,,
UC712q6SZQHe_sz2p5Pm3_yg,Daniel mwakalasi,comedy,89552,95,31072195,0,0,0,0,0,0,1,,,,,,"tanzania ""bongo flava"" sexy sex ""katt williams"" ""kim kardashian"" ""lady gaga"""
UCK1cdF6-oYMrrfPkGfXwTmQ,Alissa Violet,vlog,3225873,31,137007604,0,0,0,0,0,0,0,,,,,,"""Alissa Violet"" Family Friends Games Vlogs Daily Challenges Makeup ""Jake Paul"" ""Team 10"" DIY tutorial vlog ""clout gang"" ""logan paul"" adventure funny comedy"
UCtinbF-Q-fVthA0qrFQTgXQ,CaseyNeistat,vlog,9053533,875,2100107828,0,1,1,1,0,0,0,24221,1752748,"1,851",3m,"1,444","""neistat brothers"" hbo nyc casey neistat"
UCM9r1xn6s30OnlJWb-jc3Sw,xxxtentacion,vlog,2986908,33,381220943,0,0,0,0,0,0,0,,,,,,
UC8b8jeJgftvh6eDXxgddA-A,Laura Lee Vlogs,vlog,378203,43,8228742,0,1,1,1,1,0,1,28356,357148,"2,210",2.1m,320,
UCSeeUM-1TJjWfxFQfbyg6eA,Kelsey Simone,vlog,1516616,160,86314961,1,1,0,1,0,0,1,,,560,742.8k,235,"""everyday makeup tutorial"" ""makeup tutorial"" ""everyday makeup"" ""rosie cheeks and freckles"" makeup ""purpose reaction"" ""make up"" ""everyday makeup routine"" haul grwm teen girl ""justin bieber purpose reaction"" ""nathalie paris"" amanda ""reacting to purpose"" ""purpose album"" koleen sage fashion lookbook ""high school"" steele maddi bragg lauren elizabeth jennxpenn look book kelseysimone kelsey simone kylie jenner fashionista stylist styling ootw"
UC3DkFux8Iv-aYnTRWzwaiBA,Peter McKinnon,vlog,1789760,175,87023526,0,1,0,1,0,0,0,3404,180169,529,718.4k,119,
UCOXFVINC6GCo86LBy0NQCIg,Romee Strijd,vlog,450308,19,14198081,0,0,0,0,0,0,0,,,,,,Romee Strijd
UCYL9lSER7W0kMXbGCprMS0A,Vlogs By DK4L,vlog,1656215,204,127260943,0,1,1,0,0,0,0,,,733,1.8m,55,
UCyQb1TTrfRzQZmEfsx770qw,Jon Olsson,vlog,1078428,702,233290158,0,1,1,0,0,0,0,,,"2,118",924.7k,375,vlogs
UCI4kXahIsuJYCmrEkjFjAtA,ilie's vlogs,vlog,1321230,25,5874633,1,1,0,0,0,0,0,,,"1,819",503.7k,622,"""ilie's vlogs"" ilies ""ilie bivol"" ""ilies vlogs"" ""provocari nebune"" challenge ""daily vlogs"""
UCJCSL8IJfD4d5nunRrmrT1Q,tasya farasya,vlog,275607,105,28638096,0,1,0,0,0,0,0,,,737,502.4k,595,tasya farasya
UCkIindYt0we82auD0YL2V7A,KiA Phạm,vlog,365976,660,242869468,0,0,1,1,0,0,1,5,125,,,,"""KiA Pham"" Roblox ""Chơi game"" ""hướng dẫn download"" ""tải game"" ""truy kích"" ""đột kích"""
UC6CSmj3c8fvXTZ9cQX2j_1g,SAKINA FAMILY,vlog,217905,295,53811702,1,1,1,1,0,0,1,74,6427,200,62.2k,258,chaine lifestyle video famille de sakinafamily vlog tendances youtube family
UCpLT_6_1ssZzhYPewAlk8Hg,Brittani Boren Leach,vlog,30100,181,2229943,1,0,1,0,0,0,1,,,,,,beauty hair tutorials lifestyle blog makeup products
UC6BIs35SiXe-j9LOIRq_o5g,emaslife,vlog,192497,206,23294017,1,1,1,1,0,0,1,1753,76254,520,333.2k,507,
UCpm6vCgiehSKHtMFFS5ukiA,Katy LifeVlog,vlog,1925556,1644,437761781,0,1,0,0,0,1,0,,,169,353.9k,66,"""Катя и Ваня"" ""Sweet Home"" ""Katy Life Vlog"" Makeupkaty ""Ежедневные влоги"" ""влоги каждый день"" влоги"
UCHVSseA5eTTguk_o5InXu9w,Annie Rose,vlog,355575,166,41993196,1,1,1,1,1,0,0,,,206,24.8k,79,"""annie rose"" ""annie cole"" lily sisters ""girl talk"" ""annie's vlogs"" claire's ""target shopping"" tween teen homeschool shopping routines lifestyle ""room makeover"" ""room tour"""
UCvA9_f5Lwk-poMynabtrZPg,Rans Entertainment,vlog,651517,154,89127166,1,0,0,0,0,0,0,,,,,,
UCKuHFYu3smtrl2AwwMOXOlg,Will Smith,vlog,833530,11,7830043,0,1,1,0,0,0,0,,,84,11.3m,77,"""will smith"" will smith smiths willsmith ""will smith youtube"" ""youtube will smith"" ""will smith channel"" ""will youtube"" ""youtube will"" ""smith youtube"" ""youtube smith"" entertainment comedy"
UCut01Hnozs1e3hsG3xMRfFQ,Stormette,vlog,292462,306,21703727,1,1,0,1,0,0,1,3288,5505,"1,233",82.8k,281,"Stormette Charlène Mode Beauté ""Bien être"" Sport Fitness"
UCciyMo0ShVMAlYp3SWAaBcw,natasha wilona,vlog,307985,46,23833362,1,1,0,1,0,0,0,,,,,,
UCpri3wt2Wo4AUk5_YGj9T4g,RebelTV,prank,697917,73,128028926,0,1,1,1,0,0,0,11,110,25,"2,700",55,RebelTV
UCtfHXfx7Gz-drag8I67PTFQ,TheButtingHeads,prank,131696,38,22778769,0,1,1,1,0,0,0,33,158,9,710,12,"thebuttingheads ""butting heads"" pranks ""public pranks"""
UCuunebfqIi8uCzAs_fO1D6Q,The Best Fails,prank,519907,484,284327236,0,1,1,0,0,0,0,,,856,14.6k,125,fails fail failarmy failarmyyt failscompilation failcompilation epic viral prank funny
UCXEtdPqObuH2rXix3_SGelQ,Kiera Bridget,prank,343508,161,22796596,1,1,0,1,0,0,0,35473,47509,239,128.8k,65,funny comedy vlogger vlog girl best
UC1KPy3cAAj0i0RIFC_SzjMg,VitalyzdTv,prank,9571232,263,1488291240,1,1,1,1,1,0,1,2798,651420,478,1.6m,620,Vitaly VitalyZDTV pranks hidden camera world cup
UCu4X846OSea5YU6S8fIpy1A,BigDawsTv,prank,3731541,184,560387583,0,1,1,0,0,0,0,,,625,306k,359,"BigDawsTv Epic Hilarious Funny Prank Pranks awesome crazy wild funny pranks awkward social experiment gone wrong ""Top Prankster"""
UCr1_QBtKkrmhzH61zW2SadQ,Pantons Squad,prank,537521,225,70625596,0,1,1,0,1,0,0,,,590,33k,610,"""pantons squad"" ""pantons squad pranks"" ""pantons squad christmas"" ""pantons squad house tour"" ""pantons squad kids"" ""pantons squad morning routine"" ""pantons squad pranks on kids"" ""pantons squad musically"" ""pantons squad vlogs"" ""yaya and dj"" pranks prank challenges challenge vlog vlogs ""family vlogs"" ""family friendly"" ""kid friendly"" diy ""youtube couples"" ""black youtubers"" ""panton gang"" ""couples channel"" ""family channel"" comedy funny 2017 fun ""for kids"""
UC64guZp8DXzqrIQ5OPedviw,HoomanTV,prank,2923666,80,550258632,0,1,1,1,0,0,0,736,25948,34,456.5k,86,"prank ""shampoo prank"" pranks ""shampoo prank beach"" ""prank shampoo"" hooman shampoo ""shower prank"" ""shampoo prank part 1"" ""shampoo prank part 2"" ""shampoo prank part 3"" ""shampoo prank part 4"" ""shampoo prank part 5"" ""shampoo prank part 6"" ""shampoo prank part 7"" ""shampoo prank part 8"" ""bathroom prank"" ""hoomantv shampoo prank"" hoomantv ""poop prank"" ""broma del shampoo"" ""hooman tv"" ""shampoo pranks"" funny comedy hilarious laugh joke jokes ""candid camera"" gags humor"
UCIJ44QRtVGm_gBh_deuL5ow,Troom Troom SELECT,prank,584993,164,82574380,0,1,1,0,0,0,0,,,911,779k,0,"Diy ""Lifehacks & Pranks"""
UCo-F_NNgY-jz1M3CfYhxY3Q,DerekDeso,prank,1617670,246,337339997,0,0,1,1,0,0,0,4387,15453,,,,derekdeso prank pranks challenge boyfriend girlfriend challenges jokes funny biggest epic crazy gone wrong
UCwNPPl_oX8oUtKVMLxL13jg,Connor Murphy,prank,1618656,67,239596035,0,1,1,1,0,0,0,241,6120,223,507.5k,187,"fitness aesthetics bodybuilding pranks ""social experiments"" ""picking up girls"" dating ""getting girls' numbers"" funny comedy trolling"
UCOopFQSwnMMdRvJjpGh-gSA,vj pawan Singh,prank,360547,275,51683095,1,1,1,1,0,0,1,18,178,586,"2,120",2,vj pawan singh
UCx0mr1alzkR_oX7oHf77BHw,JoomBoos,prank,323833,737,82017120,1,1,1,0,0,0,0,,,"1,155",117.3k,"2,751","JoomBoos YouTube Prank Vlog Challenge thelazyWave TheSikrt LayZ ""Zakon Braće"" ""Magic Leon"" ""BiBi Andy"" ""Davor Gerbus"" ""Marko Vuletić"" ""Gloria Berger"" ""Sp Parody"" ""Dennis Domian"" ""Lara Borna"" Mashinthebeuaty"
UC-DUrA-h7-s_C57ECJ1BFPA,Coby Persin,prank,3892074,82,684438769,0,1,1,1,0,0,1,2676,24238,50,222.5k,528,"""Model Pranksters"" ""coby persin"""
UCPbBAPpo1Dy1GBt_uqC9L7Q,Bobbie And Aaron,prank,81583,63,3088864,0,1,0,0,0,0,0,,,103,233.2k,139,
UCaeVZSq_5JdzV_jJHQJpCPw,The Proud Family,prank,168722,94,10422480,0,0,0,0,0,0,0,,,,,,"""The Proud Family"" ""The Prince Family"" DDG Chino Niqs NatesLife Family Vlogs Comedy"
UCJFp8uSYCjXOMnkUyb3CQ3Q,Tasty,food,6096295,1747,1102491937,0,0,1,0,0,0,0,,,,,,"Tasty ""BuzzFeed Tasty"" Food Recipes DIY ""How To"" Meals Desserts Dinner Breakfast Lunch Easy Simply Buzzfeed"
UCXOKEdfOFxsHO_-Su3K8SHg,Strictly Dumpling,food,1009231,274,151103222,0,1,1,0,0,0,0,,,"1,012",79.7k,350,"""street food"" travel ""travel food"" cooking food street asia best ""street food around the world"" ""chinese cooking"""
UCiAq_SU0ED1C6vWFMnw8Ekg,The Food Ranger,food,1420936,181,184068018,1,1,1,0,0,0,1,,,359,172.7k,601,"""street food"" ""chinese food"" ""chinese street food"" ""indian street food"" india ""street food china"" china ""street food in china"" ""street food around the world"" ""china street food"" ""chinese food (cuisine)"" food street ""chinese cooking"" cooking try best recipe ""best street food"" videos ""asian street foo"" 2016 2017 ""trevor james"" cuisine chinese noodles ""the food ranger"" travel 中国菜 top ""dumplings street food 2017"" ""china food"" sichuan chengdu ""hong kong"" asia"
UCyEd6QBSgat5kkC6svyjudA,Mark Wiens,food,1655583,829,347941970,0,0,0,0,0,0,1,,,,,,"""street food"" ""thai food"" ""thai street food"" ""travel tips"" ""travel food"" ""travel vlog"" ""travel vlogger"" ""backpacking southeast asia"" ""world travel"" ""budget travel"" Bangkok Thailand ""travel blog"" ""around the world travel"" ""travel and food"" ""cultural travel"" travel around the worldtravel world globe tourism migration migrationology"
UCcAd5Np7fO8SeejB1FVKcYw,Best Ever Food Review Show,food,410661,147,38583866,0,0,1,0,0,0,0,,,,,,street food travel weird funny bizarre strange tour best ever review show red bandana white guy comedy
UCnKbwazN78u9vEIGr8ZDsAQ,ForEverAndForAva,food,924370,63,139706889,0,1,1,1,0,0,1,44,2947,"2,563",1.1m,176,ForeverandForava musical.ly
UCosny7dI3LVZE-GWR1RKxsg,How To Make Sushi,food,893344,177,132242677,0,1,1,0,1,0,1,,,802,131.4k,197,"""how to make sushi"" sushi ""make sushi"" ""sushi rolls"" ""japanese food"" ""food recipe"" ""sushi chef"" ""sushi school"" ""culinary school"""
UC_fvAVmQ3aQ4zpuvzGPZP3w,Sven Johnson,food,12471,18,4255008,0,0,0,0,0,0,0,,,,,,
UCp2dhjQXkhY1O40lj15JQzw,Luke Martin,food,128045,96,15569352,0,1,1,0,1,0,1,,,309,"8,062",461,Taiwan Food Street Taiwanese Travel Vlog food around the world
UCbpMy0Fg74eXXkvxJrtEn3w,Bon Appétit,food,1053719,755,163379426,0,1,1,1,0,0,1,5486,3196714,"6,068",2.1m,82,"""bon appetit"" ""bon apetit"" recipe recipes wine magazine food ""healthy eating"" menu holiday ""holiday feast"" christmas ""sam sifton"" ""celebrity chef"" foodie foodist cookbook sriracha ""what to do with tomatoes"" ""winter salad"" ""winter menu"" ""winter recipe"" dessert cookies cookie ""christmas menu"" ""winter food"" chicken salmon pasta chili leftover leftovers ""best christmas"" ""best holiday"" ""best winter"" kale squash cider taste"
UCidt5reNQnGmlx1LLSMXMKw,darrenb3,food,28854,366,11161785,0,1,1,0,1,0,0,,,208,822,694,"""Thai food"" ""Thai street food"" ""street food"" ""food and travel"" ""living in Thailand"" ""eating Thai food"" darrenb3 Thailand ""Phuket Thailand"" ""Krabi Thailand"" expat ""Thailand vlog"" ""food in Thailand"" ""Bangkok Thailand"" foodie"
UCHEf6T_gVq4tlW5i91ESiWg,REACT,food,8927911,1182,2566019913,0,1,1,1,1,0,0,,,"2,532",965.4k,404,
UC7B8HoVDRT7WAmNZUvsOiqA,CH9 Blog,food,0,168,10723642,0,0,0,0,0,0,0,,,,,,"""CH9 Blog"" ""Pet video"" ""animal video"" ""monkey video"" ""funny video"" ""funny movies"" ""monkey channel"" ""love monkey"" ""love pet"" ""love animal"" ""animal channel"" animal"
UCTuOoT5hhkHYwStFpmchwXQ,Zac Perna,food,189321,119,15157090,0,1,1,0,1,0,0,,,"1,041",167.3k,622,"fitness health food ""food challenge"" vlog bodybuilder ""Australian fitness"" Zac ""Zac Perna"" Challenges Muscle ""Cheat Meal"" Meals Lean Workout Fat Trainer Training ""Health Tips"" Diet"
UC8Y-jrV8oR3s2Ix4viDkZtA,Food Network,food,408048,2147,67276998,0,0,1,1,1,0,1,24876,4832767,,,,
UChGJGhZ9SOOHvBB0Y4DOO_w,Ryan ToysReview,food,12628281,963,19572718141,0,1,0,0,1,0,0,,,49,10.7k,4,"""toy reviews"" disney cars toys Lightning McQueen frozen lego train thomas and friends kids ""toys for kids"" play doh easter eggs surprises"
UCngpdIYbl5REio0EaQjlHSA,Crazy For Indian Food,food,143689,184,36977085,0,0,0,0,0,0,1,,,,,,"""Street Food"" ""Street Food India"" ""Street Food Indian"" ""Street Food Mumbai"" ""Street Food Delhi"" ""Street Food Videos"" ""Street Food Kolkata"" ""Street Food Pune"" ""Street Food Ahmedabad"" ""Street Food Making"" ""Best Street Food"" ""Indian Food"" ""Indian Cooking"" ""Food Cart"""
UCIEv3lZ_tNXHzL3ox-_uUGQ,Gordon Ramsay,cooking,5682248,648,894515325,0,1,1,1,0,0,1,231,6685883,"2,857",3.9m,"4,311",gordon ramsay cook along live chef food recipes swearing channel4
UC9HKnougDjjpWOXcqHB0wmw,Heghineh Cooking Show in Armenian,cooking,55043,346,19746421,0,1,1,1,0,0,0,828,17290,"1,642",34.1k,71,"""Հայկական Խոհանոց"" ""Ինչպես Պատրաստել"" Ինչպես ""heghineh cooking show"" ""heghineh cooking Show in Armenian"" ""armenian Cuisine"" ""armenain food"" ""armenian recipes"" ""inchpes patrastel"" baxadratomser ""Պատրաստում ենք"""
UCYvZy7g0v7D0oLla1Iy6fbw,monkaS,cooking,1609,8,795807,0,0,0,0,0,0,0,,,,,,"Twitch Pokimane Fedmyster OfflineTV ""Twitch Drama"""
UCYg_V2UuNiDztyH-uuFB9fw,PokLee Cooking Official,cooking,57777,21,3491023,1,0,0,0,0,0,0,,,,,,
UCjLz3L40HaOXVkudlY8BnHg,Survival Time,cooking,10390,69,2439000,0,0,0,0,0,0,1,,,,,,"""Primitive Technology"" ""Survival Time"" Primitive Technology"
UCH8NnRkxQg1zX7mHFRPq73g,So Yummy,cooking,704473,98,120538652,0,0,1,0,1,0,0,,,,,,"""quick and easy recipe"" ""learn how to cook"" ""how to cook"" ""easy food recipes"" ""recipes for kids"" ""diy recipes"" ""food recipes"" ""recipes for dinner"" ""recipes for breakfast"" ""recipes for desserts"" ""delicious food"" ""delicious food recipe"" food ""diy food"" ""diy food ideas"" ""cooking videos"" ""easy recipes"" ""easy recipes for beginners"" recipes ""So Yummy"" cooking"
UC1of9ELYwB623fWaAMRDVFA,Grandpa Kitchen,cooking,1439115,62,118691787,0,0,1,0,0,0,0,,,,,,"grandpa village granny cooking kitchen food recipe recipes chicken egg mutton sweets ingredients ""how to"" cook tasty charity donating donation ""old man"" ""grand father"" biryani curry"
UCekQr9znsk2vWxBo3YiLq2w,You Suck At Cooking,cooking,1109333,73,90246295,1,1,1,1,1,0,0,4118,21171,118,20.9k,425,"cooking funny ""how to"" tutorial"
UCjwmbv6NE4mOh8Z8VhPUx1Q,Rosanna Pansino,cooking,9662370,560,2318282165,0,1,1,1,1,0,1,30689,954507,"2,272",3.4m,116,"""Rosanna Pansino"" cooking food minecraft gaming ""video games"" nerd geek ""how to"" ""do it yourself"" beauty diy ""step by step"" funny easy ""family friendly"" ""kids show"" ""how to cook"" ""how to make"" ""how to bake"" baker baking"
UCnv0BfbZX99IUCETeXyEN7Q,Deshi Food Channel,cooking,11853,97,2583495,0,0,1,1,0,0,1,6,12,,,,"""desi food"" ""desi food near me"" ""desi food galaxy"" ""desi food delivery"" ""desi food truck"" ""desi food market"" ""desi food recipes"" ""desi food menu"" ""desi food images"" ""desi food list"" ""bangla food menu"" ""bangla food recipes"" ""bangla food picture"" ""bangla food & beverage ltd"" ""bangla food list"" ""bengali food image"" ""bengali food name"" ""bd tradiotional food"" ""bangla food near me"" ""bangla food"" ""bangla food pic"" ""bengali street food bangla road street food"""
UClVx_E5joA31vortboH3-Ew,EB&J,cooking,30103,61,464661,0,1,1,1,0,0,0,46,173,59,"1,078",658,
UC4YUKOBld2PoOLzk0YZ80lw,Tango Tek,cooking,268747,525,30137607,0,0,0,1,0,0,0,5723,30304,,,,"minecraft tangotek tango tek ""lets play"" ""let's play"" hermitcraft ""hermitcraft server"" inventions ""mod making"""
UCVbyyWG-qtXD-96OGU7djDg,Ace Videos,cooking,67629,87,10780810,0,0,1,0,0,0,0,,,,,,"""catch and cook"" fishing fish ""sturgeon fishing"" sturgeon ""bass fishing"" bass ""trout fishing"" trout crabbing crab Idaho cooking catching perch fisherman ""fishing tips"" ""catch n' cook"" ""saltwater fishing"""
UCiOkLGlj4azqep3O_J0wLkw,ComedyLab GR,cooking,568666,2289,189429968,0,0,1,1,0,0,1,17,10669,,,,sketch σάτιρα κωμωδία standup comedy Πρωτότυπο ελληνικό κωμικό περιεχόμενο Μπραφ Σίλας σκερτσάκια σφηνάκια Χατζηπαύλου Ραβνιωτόπουλος Δρακόπουλος Ερμόλαος Τιτκωβ Ηλιόπουλος Toon posers
UCJ1_CKxovjYVXkpNCLOjrbA,Minimal List,cooking,3554,77,355357,0,0,0,0,0,0,0,,,,,,Narrowboat Travel
UCzH5n3Ih5kgQoiDAQt2FwLw,Brothers Green Eats,cooking,1038724,435,88207813,0,1,1,1,1,0,1,9458,7919,"1,365",39.1k,118,food recipes budget munchies creative cheap
UCBOjaoOQgIJiV0itcGQIMJQ,Cooking - Topic,cooking,302112,0,0,0,0,0,0,0,0,0,,,,,,
UCbZxcQQENYP-Fwn3fLwGDOg,Wow! Delicious Food,recipes,93371,248,15853030,0,1,0,0,0,0,1,,,"1,165",16.9m,294,Dessert repices
UCNzA40EUtEQ5eVWrMbqJrFw,Best Recipes Video,recipes,145161,253,24796562,0,0,0,0,0,0,0,,,,,,"""tasty recipes"" ""recipes video"" ""best tasty recipes"" ""best recipes"" ""best recipes video"" ""instagram food"" cake ""amzing recipes"" ""amazing cake"" ""amazing food"" ""food tutorial"" ""recipes tutorial"""
UC2JcFCoSQnxqmeMxvA49Vjg,Ray Kitchen,recipes,733344,225,78536238,0,0,0,1,0,0,0,692,1134,,,,"""Ray Kitchen"" ""Youtube Cookery"" ""homemade cooking"" ""Ray kitchen"" ""ray kitchen"" ""street food"" cookery ""recipe in hindi"" ""recipe in marathi"""
UCMmZEL8jV1B61NKAXcyW87A,Helen's Recipes (Vietnamese Food),recipes,393080,347,66548509,0,1,1,0,1,0,1,,,978,39.8k,210,"""vietnamese food"" ""viet food"" ""asian cooking"" ""helen's recipes"""
UCcsSowAamCLJv-xeF9geXoA,Vincenzos Plate,recipes,45400,274,4366782,0,1,1,0,1,0,1,,,"2,196",38.4k,989,"""Italian Recipe"" ""Italian Food Recipes"" ""Italian cooking"" ""Cooking show"" ""cooking channel"" ""best youtube cooking channel"" ""Lasagna Recipe"" ""italian CHEF"" ""Seafood Pasta"" ""Spaghetti Carbonara"" ""Tiramisu Recipe"" ""Italian pasta recipes"" ""Italian pizza"" ""Italian food"" Spaghetti Arancini ""Sicilian Rice Balls"" ""Italian cuisine"" ""Italian Recipes"" vincenzosplate ""vincenzos plate"" homemade food cooking"
UClxkE9VBcvm-JVuh5HOOAWQ,Best Food,recipes,41119,168,5828522,0,0,1,1,0,0,1,0,3,,,,"""Best Food"" ""Food Lovers"" ""good eats"" tastemade Homemade Desserts ""How To"" Food Easy Buzzfeed Recipes ""Buzzfeed Tasty"" ""Easy Bread recipes"" ""How To cook"" ""Bread recipes"" ""Baked Recipes"""
UCPPIsrNlEkaFQBk-4uNkOaw,Hebbars Kitchen,recipes,597810,672,134263668,1,1,1,1,1,0,1,,,,,,"Recipe ""Indian Food"" ""food porn"" ""South Indian"" ""instant recipe"""
UCSQ58N7O_QAoI516gPfvAOg,chandni beautyzone,recipes,34267,624,7792276,1,1,1,1,0,0,1,100,191,429,"2,720",29,"chandnibeautyzone Makeup DIYS ""HOUSEWIFE VLOG"""
UCRIZtPl9nb9RiXc9btSTQNw,Food Wishes,recipes,2263141,1347,462167504,0,0,1,1,1,0,1,10012,31631,,,,recipes video cooking food tips cook wine dinning menu chef
UCS_gF-8NomO4ujCMicaDnHA,Neha's kitchen villa,recipes,95392,177,11721010,1,0,1,0,0,0,0,,,,,,"""nehas kitchen"" ""routine videos"" ""daily vlogs"" ""indian food"" ""indian vlogger"" ""breakfast recipes"" ""lunch recipes"" ""dinner recipes"" ""cleaning ideas"" ""tips & tricks"" ""hindi blog"""
UCJRjK20fHylJyf-HiBtqI2w,PLANT BASED NEWS,vegan,143759,239,9878894,0,1,1,1,1,0,0,,,462,108.3k,"1,825","health environmentalism news environment ethics ""animal rights"""
UCmV-Nf7LCEc4GyGhyYW5Tyg,Katherout,vegan,116394,285,12319299,0,1,0,1,0,0,1,12701,3247,334,"7,079",605,Prep Style Preppy Katherine Haul hauls OOTD clothes fashion mypreppystyle tips
UCF-ACPYNN0oXD4ihS5mbbmw,avantgardevegan,vegan,369824,63,8388072,1,1,1,1,0,0,0,3018,5588,281,203.9k,"1,378",vegan food cooking plant based gaz oakley recipes healthy tutorial cook
UCHemJpLUcATaKqDzohNAa6A,Roh Vegan am Limit,vegan,35327,156,3518492,0,0,1,0,0,0,0,,,,,,"""Roh Vegan am Limit"" Rohkost ""Roh Vegan"" RohVegan Vegan Sprossen ""Limit am Vegan Roh"""
UCiwekT__lvIsNfPq9Ps2P8w,Zanna van Dijk,vegan,52419,328,3548731,0,1,0,1,0,0,1,22343,22139,"2,443",215.1k,296,"Fitness Nutrition Health ""Blonde Health"""
UCGJq0eQZoFSwgcqgxIE9MHw,Mic. the Vegan,vegan,206351,190,15692796,0,0,1,0,1,0,0,,,,,,
UCdkRT_G7eqNTytm52zMw40g,Rachel Ama,vegan,52317,24,735247,0,1,0,0,1,0,0,,,172,"5,612",401,vegan food recipes
UChxkFSjTE7nLCHsDk8_pRhg,Justine Leconte officiel,vegan,318253,171,24247254,1,1,1,0,1,0,0,,,246,23.1k,474,"French fashion ""fashion design"" ""fashion designer"" ""fashion drawing"" style ""body type"" “face shape” ""fashion expert"" wardrobe “capsule wardrobe” ""fashion trends"" trends ""what to wear"" lifestyle clothes haul tips outfit look moodboard lookbook tutorial beauty luxury ""fashion illustration"""
UCtuwIdM0Zx7xCiZSa_clRzw,Liv B,vegan,602507,202,31456028,0,1,0,0,0,0,0,,,965,93.3k,153,"vegan recipes ""easy recipes"""
UCPOgooHtYIfgotZsHA7_wZw,The Viet Vegan,vegan,41779,152,1704870,0,1,1,1,1,0,0,4041,2251,"1,337",23.6k,649,"""the viet vegan"" ""food channel"" ""lisa le"" ""vegan recipes"" ""vegan food blogger"" toronto"
UCEjkioV3LO_OIUaSWRxFZ3A,Cheap Lazy Vegan,vegan,408757,336,17921102,0,1,1,1,1,0,0,2276,4057,"1,918",61.5k,"1,161",cheaplazyvegan vegan fitness
UC0cxMY7jZ_kiE2bvykJffZA,Caitlin Shoemaker,vegan,372993,319,22823036,1,1,1,0,1,0,0,,,"2,103",268.3k,200,
UCV8d4At_1yUUgpsnqyDchrw,That Vegan Couple,vegan,121596,670,17301869,0,0,0,0,1,0,1,,,,,,
UCYcp7V70Polb7Fdu0IM0wqw,Rae Likes Froot,vegan,4857,70,208201,0,1,0,1,0,0,0,69,168,975,"2,712",898,Vegan Lifestyle Beauty Comedy Vlogs
UC7IPr2hEXtl1ZlTAaNHM9Ow,LeCritiqueur TV,vegan,32577,126,3535615,0,1,1,1,0,0,1,,,697,"2,051",295,lecritiqueur degustation grec kebab fast-food geek jeux vidéos dissèque arnaque gaming fortnite dragon ball fughter
UCL-019jclyQT5ngcf_RoALw,Jess Beautician,vegan,167899,267,10325858,0,1,1,1,0,0,0,4884,3050,292,11.5k,441,
UCTClUTLk0sfGU-NlaUwOdCA,Wild Daze,vegan,176807,157,9947228,1,1,0,1,0,0,1,726,6118,"1,463",99k,"1,850",
UC81rC6q9s1km-wh68i335pg,asCEDbyme,vegan,118139,124,7305998,0,1,0,0,0,0,0,,,,,,Cedric Thompson
UC9nwyeuWXTARsr40r8GMb7w,PicniclyNOW,vegan,8511,46,305590,0,1,1,0,0,0,0,,,253,"8,568",333,"Yoga Health Fitness ""Clean Food"" ""Clean Living"""
UCYLR1ghzYNyvfjw78raCuxA,The Dr. Phil Show,vegan,1768304,6692,1532306693,0,1,1,1,1,0,0,635,1447069,"1,921",309.5k,11,dr. phil mcgraw robin cbs paramount stage 29 peteski productions oprah winfrey daytime t.v. television talk show self help advice
UCTY_-ASoCjzuSPXw1E0hQ2A,yummypilgrim,vegan,105312,246,7962133,0,1,1,1,1,0,0,8601,35065,"2,219",120k,"1,190","kochen backen gesund ""eat clean"" vegan vegetarisch yummy schnell einfach rezepte"
UCoudobm6Z0LynXzZGc1TMew,Kate Flowers,vegan,231970,243,20055545,0,1,1,1,0,0,0,786,3330,"1,082",68.5k,172,Gay Health Fruit Freelee Weight Loss Fruitarian 801010 Raw Food Vegan Veganism Anorexia Lesbian Kalel Jenna Marbles Cammie Scott
UCy_iF2lqOucgmK1BLCl-6vQ,Recipe30,vegan,101705,447,13804516,1,0,0,0,1,0,1,,,,,,"""quick meals"" ""easy recipes"" ""chicken recipes"" ""wood fired pizza"" ""italian recipe"" recipee30 joel mielle"
UC8RPuonNxq2lMb8zMvo7Xxw,Dr. John Bergman,nutrition,390672,794,42135582,0,0,0,0,0,0,1,,,,,,"chiropractic ""carpal tunnel"" ALS arthritis MS pain"
UCX6b17PVsYBQ0ip5gyeme-Q,CrashCourse,nutrition,7308049,899,787738318,0,1,1,1,1,0,1,631,126474,37,"4,269",13,"history biology literature learning education science humanities school ""world history"" AP tests smart fun chemistry psychology APUSH WHAP"
UCPi6euzgQgW8lXDLAw152Pg,Proper Gander,nutrition,33611,229,6321154,0,0,1,0,0,0,1,,,,,,conspiracy occult propaganda illuminati gmo chemtrails
UC4uaPbdTDX5CqFV5WxMTHGQ,Bill Nye Fan,nutrition,5425,63,1918216,0,0,0,0,0,0,0,,,,,,
UC97k3hlbE-1rVN8y56zyEEA,Bodybuilding.com,nutrition,2524486,1682,315725443,0,1,1,1,1,0,1,27493,700922,"3,078",2.5m,509,"Bodybuilding.com bodybuilding bodybuilders fitness ""weight lifting"" bodybuild diet training workout nutrition transformation ""get big"" ""lose weight"" ""lose fat"" ""fat loss"" ""gain muscle"" workouts exercises motivation bodybuilder gym ""workout video"" ""training program"" ""fitness plan"" ""workout program"" ""female fitness motivation"" ""fitness motivation"" ""gym motivation"" recipes ""healthy recipes"" ""strength training"" fat burning six pack abs"
UCbI46Y-z4fw1JJbzVIvEawQ,Fit by Clem,nutrition,55941,56,2465096,0,1,1,0,1,0,0,,,,,,Fitness Nutrition Motivation Sport
UClWvuf-DKVw1uooIfrXoLvQ,vshvideo,nutrition,21938,213,4310119,0,0,1,1,0,0,0,2577,1259,,,,vegan vegetarian nutrition diet
UCGMOauU8dOd4mv2bT3Tx57w,Guru Mann Fitness,nutrition,946293,230,66270866,0,1,1,0,0,0,0,,,406,381.5k,12,"GuruMann ""Product review"" review ""Supplement review"" ""Health and Fitness"" live learn lift advice how to ""how to"" random gym routine lose weight gain muscle mass ""how much"" whey protein creatine supplements cardio macros strength exercise diet fitness bodybuilding ""Diet (nutrition)"" Health Body Community Training Loss Wisdom Personal Flex Healthy Trainer Nutrition Muscles Review Fit Bodybuilder ""Weight Training (Hobby)"" Workout"
UCMeuZLpHYNAMonAjNboZe7w,Mail0ves,nutrition,3069,44,92335,0,1,1,0,0,0,0,,,695,36.2k,89,
UC3ZSapMuehdXGnKd6PRMnBw,un monde de cavalière,nutrition,2451,18,11140,0,0,0,0,0,0,0,,,,,,
UCtJbEUHqc_Z_huVfiJkTBOw,100% Personal Training,nutrition,236,22,13431,0,0,0,0,0,0,0,,,,,,
UCKBKx-ZGuYJOE4zWS_Aqcwg,Train With Kane,nutrition,1170,76,453004,0,1,1,1,1,0,1,,,63,217,72,"""train with kane"" insanity ""insanity workout results"" ""insanity weight loss"" ""insanity review"" ""lose weight"" ""build muscle"" fitness health diet"
UCspJ-h5Mw9_zeEhJDzMpkkA,Furious Pete,nutrition,4580095,732,855621913,0,1,1,0,0,0,0,,,"3,561",493.8k,362,"""furious pete"" ""pete furious"" ""furious pete youtube"" ""youtube pete furious"" ""eating challenge"" ""eating challenges"" ""food challenge"" challenge fitness bodybuilding ""how to"" howto ""Speed Eating"" ""Competitive Eating"" Travel ""Peter Czerwinski"" ""food show"" ""top 10"" ""top 5"" ""food hacks"" ""food gadgets"" ""kitchen gadgets"" experiment"
UC5fkkiImyfs93wwOLbC0FGA,Herbalife Nutrition,nutrition,231900,2311,46401450,0,0,0,0,0,0,1,,,,,,"Herbalife nutrition healthy food ""lose weight"" fitness ""healthy active life"""
UCDLqceuD_ZkS40tsF3Ti4xA,Chloé Tesla,nutrition,4776,48,170726,0,1,1,1,0,0,0,119,332,"1,145",11.8k,"2,250",chloé tesla mannequin mannequinat vegan vegane veganisme recettes végétal bio santé beauté végétalisme végétarisme végétarienne végétalienne végétalien végétarien mode model blogueuse
UCGb34D3ThpmjLNn-FLv2_yQ,PsycheTruth,nutrition,2196238,2232,640215578,1,0,1,1,1,0,1,240,4234,,,,"yoga massage workout beginners asmr nutrition psychology ""massage therapy"" ""weight loss"" healthy ""back pain"" chiropractic ""health care"" wellness health flexibility stretches psychetruth corrina ""Jen Hilman"""
UCq2E1mIwUKMWzCA4liA_XGQ,Pick Up Limes,nutrition,772104,62,24762868,1,1,1,0,1,0,0,,,466,117.5k,271,vegan nutrition plant-based health minimalism travel
UCROMW3mL6nkJl_JH8aCb7kw,HealthyGroceryGirl,nutrition,90213,386,3735531,0,1,1,1,0,0,1,,,"2,264",27k,840,"""Healthy Recipes"" ""How To Cook"" ""Registered Dietitian"" ""Easy Recipes"" Vegan Plant-Based Nutrition ""Health And Wellness"""
UCKf0UqBiCQI4Ol0To9V0pKQ,Buff Dudes,nutrition,1582650,436,231221403,0,1,1,1,0,0,0,3466,17826,801,97.9k,226,"""Food Recipes"" Workout Fitness Bodybuilding Cooking Recipes Gym ""Working Out"" ""Fat Loss"" ""Muscle Gain"""
UC8Y5CC9p9F_V-x4jWaAP7ng,Becca Bristow,nutrition,103070,251,6682703,0,1,1,1,0,0,0,,,,,,health nutrition beauty lifestyle
UCENv8pH4LkzvuSV_qHIcslg,C'est pas sorcier,nutrition,541822,1335,191173466,0,0,1,1,0,0,0,283,9142,,,,
UCAL3JXZSzSm8AlZyD3nQdBA,Primitive Technology,technology,7330349,34,508157645,0,0,1,0,1,0,1,,,,,,
UCvY_LjSx3Yttjz44lNxbGIA,Cool Gadgets,technology,48586,271,9698584,0,0,0,1,0,0,0,0,12,,,,Cool gadgets tech gear amazon top 10 technology cars
UCmLQqA5g62GIfQa9oME05wQ,Origins Explained,technology,1111372,357,323405808,0,0,1,1,0,0,0,0,120,,,,"""top 10"" ""top ten"" countdown list viral facts mysterious explained animals mysteries strange unexplained amazing world earth unsolved mystery ""origins explained"""
UChW8Ayctddx1JV56yrrtt4Q,Primitive Life,technology,97908,33,11270877,0,0,0,0,0,0,0,,,,,,"""Primitive Life"" Primitive technology'' ''primitive'' ''technology''"
UCHII6fIxeGS-F972yUJDHJw,Crazy HD,technology,10149,342,2798982,0,0,1,0,1,0,0,,,,,,"review Invention Innovation bend samsung gadgets smartphone smart Gameplay Oculus Rift Gaming price latest Tech Technology Robot kickstarter Indiegogo iWatch Droptest unboxing Drone Dji GoPro CES Brand2017 Galaxy 4K future futuristic Mind Boggling Machines crazed crazyhd crazy hd 5AmazingInventions NEEDToSee 5inventions 7inventions amazinginventions ""crazy hd"" technology ""future technology"" ""Top 5"" ""Technology Inventions"""
UCuIfBWQn2lj_IOKW2Woaoug,Leak Project,technology,212355,1491,42894670,0,0,0,0,1,0,1,,,,,,"X-FIles Conspiracy Disclosure Alternative News Disinformation Nibiru ""Current Events"" Occult Mind Control Transhumanism Satanism Freedom of Speech Revelations Armageddon NWO Illuminati WW3 UFO Aliens False Flags Chemtrails Vaccine Dangers Holistic Health FEMA Camps Constitutional Rights Gun Zombie Society Ancient Astronauts Covert Hypnosis Global Government over Matter"
UCFUyy6LM16KiI-VdA6pMO0Q,Futurist,technology,4330,88,1005022,0,0,1,0,0,0,0,,,,,,
UCiDF_uaU1V00dAc8ddKvNxA,Technology - Topic,technology,588725,0,0,0,0,0,0,0,0,0,,,,,,
UC-TvePbIqDMHn9o8IGW5x0A,Daily Defence Update,technology,0,42,51012854,0,0,0,0,0,0,1,,,,,,
UCuwcZ63YW1SOTQUwXXkVXdg,ZEG TV HIDDEN FROM THE PUBLIC,technology,96625,90,19004838,0,0,0,0,1,0,0,,,,,,
UCJa2T5tphNa3iYBSM2VmF4g,Machine Technology,technology,0,25,4803456,0,0,0,0,0,0,0,,,,,,
UCIiXU85pb-mIu_GlOLXauYw,Incredible Machines,technology,102208,17,21121000,0,0,0,0,0,0,0,,,,,,machine machines amazing awesome excavator incredible tractor tree cutting equipment satisfying videos
UChUP6B_3zcdFYZnOdMM21og,Survival Skills Primitive,technology,267469,55,40767716,0,0,0,0,0,0,1,,,,,,"""Primitive Technology"" ""Survival skills primitive"""
UCcO4PP5mRImAEprYgnmpUMg,Primitive My village,technology,77485,20,17310287,0,0,0,0,0,0,0,,,,,,
UCYr0F6UAXIB5Lop1JgaqppQ,Garret Claridge,technology,41704,478,25338635,0,0,0,1,0,0,1,1,637,,,,computer tech audio smash smashing destruction funny fur furry furries speaker lighting
UC25pyzZn8f4l2jgy3IBV20A,Pro Hacker,technology,352665,763,84741175,1,0,1,0,0,0,1,,,,,,"""top 5"" ""top 10"" inventions gadgets technology tech review list ""amazing inventions you must see"" ""you won’t believe exist"" ""inventions you must have"" ""things that actually exist"" ""amazing inventions at home"""
UCqMm5qEEy_N1gaKSHQh75tQ,Wilderness Technology,technology,159023,38,34314824,0,0,0,0,0,0,0,,,,,,"""Technology Wilderness"" ""technology primitive"" ""Brave Wilderness"" ""Primitive Life"" ""Primitive Skills"" ""Wilderness Technology"" ""primitive technology"""
UCE_1N4snmL1zj6b1_2bVL8w,PlanetApes,technology,413925,290,224845316,0,0,0,0,0,0,0,,,,,,
UCpJmBQ8iNHXeQ7jQWDyGe3A,Life Noggin,technology,2083512,222,236697812,0,1,1,1,0,0,0,3402,42239,105,44k,31,"education science learning lifenoggin ""life noggin"" ""life noggin youtube"" ""youtube life noggin"" ""life noggin channel"" blocko edutainment ""education channel"" ""education youtube"" ""youtube education"" ""life noggin patreon"" ""edutainment youtube"" ""life noggin face reveal"" ""life noggin 360"" ""life noggin minecraft"" minecraft ""outer space"" ""life noggin steven suptic"" ""life noggin nose bleed"" ""life noggin shower"" ""life noggin terraforming"" ""life noggin first video"""
UCQvlaugSXtc_kDvKo80Gi2A,Qubimaxima,technology,117716,265,28265790,0,0,1,1,0,0,1,71,117,,,,"""Extreme Gadgets"" ""New Gadgets"" ""New Tech"" Innovations Inventions"
UCv2EnpsehvlF867YAgqkLtw,TIME MACHINE,technology,500414,324,231476054,0,0,0,0,0,0,0,,,,,,
UCvpfclapgcuJo0M_x65pfRw,Beebom,apps,816622,196,71945821,0,1,1,1,0,0,0,,,60,44.6k,13,"beebom ""tech videos"" tutorials android iphone ios tricks"
UCqg2eLFNUu3QN3dttNeOWkw,iHasCupquake,apps,6195493,3891,2471468392,1,1,1,1,1,0,0,6833,819584,"1,698",1.1m,943,"ihascupquake cupquake gamer games girl girly funny happy ""pc gamer"" playthroughs ""girl gamer"" minecraft sims roblox fnaf animation animations ""hello neighbor"" walkthrough gameplay cute ""gaming channel"" ""video games"" ""indie games"" ""app games"" ""kawaii games"""
UCen0ko30XIeN5IARS3E_Znw,MAD LAB,apps,457849,58,184926165,0,1,1,0,0,0,0,,,0,11,8,"""Dark 5"" USA ""TOP 5"" ""TOP 10"""
UC_1awbvccFZOnVRjAIkCG7Q,Sam Beckman,apps,55798,137,5540300,0,1,0,1,0,0,1,744,998,185,961,368,tech phones reviews tutorials final cut pro garageband after effects
UCX6OQ3DkcsbYNE6H8uQQuVA,MrBeast,apps,3502641,775,413864504,0,1,0,0,0,0,0,,,8,52.2k,32,mrbeast6000 beast mrbeast Mr.Beast mr
UCrKGBW9MDpOMFQaQBuVFmTQ,Anny Info Tech,apps,293249,140,11414835,1,1,1,1,0,0,1,26,774,,,,"""anny info annyinfo anil kumar anilkumar"" Tech ""How to"" ""Apps Review"" Unboxing ""Tips and Tricks"""
UCsW36751Gy-EAbHQwe9WBNw,PhoneDog,apps,641975,3922,283553117,0,1,1,1,1,0,1,278,56359,436,64.4k,"6,468",cell phones tech mobile technology phone reviews gadgets apple iphone android smartphone
UC_Km_defHuGkxh8RpDmCO8A,Tech Fire,apps,150942,266,22350619,0,0,1,1,0,0,0,577,587,,,,"""tech fire"" ""tech videos"" tutorials android iphone ios tricks"
UCaFGDBmGK_jw66u3av2Ysjw,MacRumors,apps,147809,378,43039918,0,0,1,1,0,0,1,412,857808,,,,iphone ipad apple mac
UCXZpQgX1897wYDLtvzmgyIA,Facts Verse,apps,4009336,803,1660426060,1,1,1,1,0,0,1,1,12745,0,690,0,"facts ""top 10"" ""top 5"" ""top lists"" compilation ""top 15"" ""top 25"""
UC9gFih9rw0zNCK3ZtoKQQyA,JennaMarbles,apps,17941732,389,2625345406,0,1,1,1,1,0,1,25907,4996694,"1,068",4.6m,678,jenna mourey marbles funny parody vlog
UCEPL07qzVsOcHd3sMUws65g,Trakin Tech,apps,372798,483,20040850,1,1,1,1,1,0,1,3000,4016,52,952,6,"""Reliance Jio"" ""Latest Tech News"" ""Gadget unboxing"" Review ""Mobile Phones"" ""How To Guides"" Samsung OnePlus Xiaomi Deals ""Top 5 list"" ""Top 10"" ""Top Gadgets"" ""Best Offers"""
UCK-H1e0S8jg-8qoqQ5N8jvw,Explore Gadgets,apps,495124,682,96434553,0,1,1,1,1,0,1,4765,28169,599,10.6k,159,exploregadgets
UCwmFOfFuvRPI112vR5DNnrA,Vsauce3,apps,3495632,160,340800967,0,1,0,1,0,0,0,6210,173402,857,121.8k,90,gaming vsauce science education
UCBINYCmwE29fBXCpUI8DgTA,MostAmazingTop10,apps,3277389,1723,987238671,0,1,1,1,1,0,0,5756,10181,45,19.8k,3,Top10 MostAmazingTop10 10 DumbestTweets Educational
UCdmGjywrxeOPfC7vDllmSgQ,TecMundo,apps,2898411,5357,516506832,0,1,1,1,0,0,0,13,608222,846,443k,8,baixaki download tecnologia tutorial tutoriais programa programas review reviews analise analises
UClMQm06QTkqvs1ffcdTJXRw,Topes de Gama Plus,apps,521508,425,32782325,0,1,1,1,0,0,1,2383,410225,"2,316",274k,81,Gadgets Reviews Smartphone Análisis Tecnología
UCY30JRSgfhYXA6i6xX1erWg,Smosh,apps,22907982,952,7086141584,0,1,1,1,1,0,0,15415,3307223,"1,595",2.8m,90,smosh anthony padilla ian hecox pokemon smoosh smash sketch comedy skit humor funny short
UC0BzN7ZUoX_6bsyNxEnQLVQ,Roshan Sharma,apps,141086,121,6622532,1,1,1,1,0,0,0,20,173,50,"2,289",244,"""Roshan sharma"" Roshansharma ""tech channel"" ""Android tricks"" ""tips and tricks"" ""how to"" technical videos"
UCQeSvxVXZXW66yGxAuOVeJg,Beauty Tricks,makeup,133584,80,32925605,0,0,0,0,0,0,0,,,,,,"""Beauty Trick"" ""VIRAL MAKEUP"" ""HOW TO MAKEUP"" ""MAKEUP FOR BEGINNERS"" ""MAKEUP TUTORIAL"" ""EASY MAKEUP"" LIPSTICK ""BEAUTYFUL LIPS"" ""VIRAL 2017"" ""NEW MAKEUP IDEA"" ""BEST MAKEUP"" ""MAKEUP SKILLS"" DRUGSTORE EYELINER EYESHADOWS ""CUT CREASE"" CONTOUR ""BODY CONTOUR"" ""SMOKEY EYE"" ""SUMMER MAKEUP"" ""MAKEUP COMPILATION"" ""SATISFYING VIDEO"" ""hooded eyes"" BEAUTY USA ""Young girl's makeup"" glamour ""how to"" cosmetics glitter princess ""nikkie tutorials"" gorgeous ""HAIR TUTORIAL"" ""HAIR STYLE"" ""NEW HAIR 2017"""
UCKMugoa0uHpjUuq14yOpagw,Laura Lee,makeup,4240845,484,398992950,1,1,1,1,1,0,0,28356,357180,"2,210",2.1m,320,"""Laura Lee"" haul makeup tutorial ""how to"" ""beauty review"" ""boob contour"" contouring"
UCzTKskwIc_-a0cGvCXA848Q,NikkieTutorials,makeup,9151774,653,760518630,1,1,1,1,0,0,0,582,1127632,"2,976",9.6m,565,"nikkietutorials nikkitutorials ""power of makeup"" ""makeup tutorial"" makeup beauty cosmetics ""first impressions"" review swatches ""get ready with me"""
UCRYe4G08okte96rmocFNU1g,Loren Gray,makeup,2036205,32,60001632,1,1,1,1,0,0,0,34276,794433,801,9.3m,210,"""Loren Gray"" Music Vlog Comedy ""Shots Studios"""
UCX5YDK0_R_4Hf01piyiTeRA,Beauty Club,makeup,0,263,37295684,0,0,0,0,0,0,0,,,,,,Beauty Compilation
UCucot-Zp428OwkyRm2I7v2Q,James Charles,makeup,3150090,105,198894682,1,1,0,1,0,0,0,66148,625119,526,3.4m,279,"""james charles"" james charles covergirl coverboy ""makeup artist"" ""boy makeup"" makeup beauty tutorial review singing"
UC295-Dw_tDNtZXFeAPAW6Aw,5-Minute Crafts,makeup,14519690,1365,4283360363,0,1,1,1,0,0,0,0,22,"2,400",13.3m,3,"""5-Minute Crafts"" DIY ""Do it yourself"" crafts ""useful things"" lifehacks tricks tips ""DIY projects"" ""DIY activities"" Handcraft Tutorial experiments"
UCx_zPBIcjo2jGgaSF0_W5yA,Livloveshermakeup,makeup,74057,1201,10841245,0,1,0,0,0,0,1,,,,,,Beauty Fashion Makeup Skincare Music
UCXoY0ZeHZBe0p-ByCiYP_XQ,Denitslava Makeup,makeup,1242125,121,75008526,1,1,1,1,1,0,0,25,3246,459,782.1k,666,"makeup ""makeup tutorial"" eyeliner eyebrows eyeshadow lipstick ""drugstore makeup"" hair beauty cosmetics"
UCyJjJ9jDAv27n09_-FSIRCg,Beauty Compilations,makeup,304313,70,52465042,0,1,0,0,0,0,0,,,12,507,172,
UC79Pfi2FCgEHjLqBbGDnKwA,Monami Frost,makeup,609987,287,53538471,1,1,1,1,1,0,0,34,16717,"3,510",1.5m,330,Monami Frost
UCp5bjkAcMNFo_6HJ3oEGdug,Sylvia Gani,makeup,1809840,216,143060335,0,1,1,1,0,0,0,2485,153403,415,608.3k,736,"""sylvia gani"" sylviagani ""wolfieraps girlfriend"" ""beauty vlogger"" ""full face using"" ""full face"" ""product review"" testing tested ""beauty hacks"" ""instagram hacks"""
UCbAwSkqJ1W_Eg7wr3cp5BUA,Safiya Nygaard,makeup,4138779,98,378475457,0,1,1,1,0,0,1,,,589,989.6k,581,
UCDTtciKkf_AzXtKNUjkUEPg,Shay Mitchell,makeup,3092089,163,109091957,0,1,1,1,0,0,0,1298,3657520,,,,"""Shay Mitchell"" ""Shay Mitchell YouTube"" ""Pretty Little Liars"" ""Emily Fields"" ""ABC Family"" ""Lucy Hale"" ""Ashley Benson"" ""Troian Bellisario"""
UC8eddFhkkRT6ZbNEsXmohcA,Ahliyah Michelle,makeup,48163,126,680637,1,1,1,1,0,0,0,,,438,"5,884",586,"beauty makeup skincare tutorials ""how to"" reviews hair"
UC_GvMVffgctSISDkeWlKhXQ,dope2111,makeup,5009352,205,1389145841,1,1,1,1,1,0,1,12524,73808,868,1.1m,514,"""Makeup guru"" ""make-up tutorials"" cosplay ""coastel scents"" Mac ""urban decay"" Lancome Avatar ""Bridal makeup"""
UCRXiA3h1no_PFkb1JCP0yMA,Vogue,beauty,2162512,1938,480378667,0,1,1,1,0,0,1,5866,13657427,"4,421",17.6m,416,"Vogue fashion style gwen stefani beauty editor ""editor's eye"" rihanna ""anna wintour"" anna wintour"
UCPysUN0JqpR6glhIXpN3nPA,MissTiffanyMa,beauty,1642833,168,81975030,1,1,1,1,1,0,0,6683,149555,"1,132",469.1k,829,"fashion diy fitness makeup ""beauty guru"" trends diet exercise asian girl female misstiffanyma"
UCPUKhuf4u5miq_WPzmQtklg,Gorata Ndebele,beauty,200,1,56615,0,0,0,0,0,0,1,,,,,,
UClLBaAzNuYzBSQjpDyp144w,Matilda,beauty,28730,94,1170984,0,0,0,0,0,0,0,,,,,,
UCbO9bltbkYwa56nZFQx6XJg,Manny Mua,beauty,4427274,301,300418057,1,1,1,1,0,0,1,156437,1084036,"2,026",4.4m,386,
UCwRenK7z1CzvxMcQgzYFrtg,Beauty Tips - Topic,beauty,691052,0,0,0,0,0,0,0,0,0,,,,,,
UC21yq4sq8uxTcfgIxxyE9VQ,Carli Bybel,beauty,5856748,469,536550352,1,1,1,1,0,0,1,10879,567209,357,2.3m,2,"contour highlight ""carli bybel"" carlibel55 carlibybel carlibel ""kim kardashian"" makeup hair tutorial ""smokey eye"" ""pro secrets"" ""makeup mistakes to avoid"" ""how to"" easy fun hairstyles lessons"
UC4qk9TtGhBKCkoWz5qGJcGg,Tati,beauty,3871738,1292,777449633,0,1,1,1,0,0,0,14506,508842,"1,190",1.2m,429,"YouTube beauty ""makeup tutorials"" ""beauty channel"" ""Makeup Reviews"" ""Beauty Expert"" Tutorial Drugstore Reviews GlamLifeGuru ""beauty by Tati"" ""makeup artist"" ""Pro MUA"" Sephora ""how to"" ""Beauty Haul"" easy quick fun"
UC2FfVEv0OvCEPktseWo7LrA,Dihya Beauty ⵣ,beauty,205810,128,13010580,0,1,1,1,0,0,0,80,370,293,44.8k,143,جزائرية مغربية مصرية عربية امازيغية اروبية خليجية تغني ترقص تقلد جميلة افضل احسن اسرع اقوى تحدي تحديات مقلب مقالب vlog طريقة برنامج فيلم مسلسل تعلم جديدة شاب رجل طفل فتاة بنات حجاب محجبة خلطة وصفة ماسك تبييض تفتيح نزع ازالة الشعر وجه يدين جسم مناطق حساسة بشرة دهنية جافة مختلطة نفخ شفايف تكبير تصغير العيون youtubeuse algérienne منتجات عناية ترطيب تقشير تنظيف المطبخ اكل حلويات makeup تسريحات روتين اسهل عروس مدرسة haul Tutoriel معلومات
UC2o2mfKyCvUuI4Or6H2Vr_g,мире необычного - Health & Beauty - HT,beauty,0,146,30666536,0,0,0,0,0,0,0,,,,,,"""whiteheads extractionblackheads"" comedon milia ""beauty tips"" beauty treatmentacne treatmentdr pimple popper ""dr pimple popper"" ""sandra lee"" ""pimple popper"" extraction blackhead whitehead ASMR cystskin Cyst channelpimple ""channel blackhead"" ""channel acne"" ""channel popping"" ""channel skin"" treatments ""medical education"" ""beauty skin"" problems Cystic Acne ""Pimples And Blackheads"""
UC2WuPTt0k8yDJpfenggOAVQ,Blossom,beauty,1283982,66,222149470,0,0,1,0,0,0,0,,,,,,"Blossom ""Blossom DIY"" DIY ""DIY Videos"" ""diy activities' life hacks"" projects ""Do It Youself"" hacks lifehacks tricks crafts ""how to"" craft ""back school back school"" ""home decor idea"" ""do it yourself"" ""crafts for kids"""
UCZF8rswpPhDhLDIFacEelHw,shook,beauty,308315,142,58687783,0,0,0,0,0,0,0,,,,,,
UCpKy9xHSSsCeMwsu-1OWyhw,brittanyd18,beauty,11233,3,11059747,0,0,0,0,0,0,0,,,,,,
UC2BX0lqJgWAA-7f-yJEcqbg,sanders kennedy,beauty,176059,479,28603737,0,1,0,1,0,0,1,5759,15464,"3,059","9,973",545,
UCE3l3T4WIB8hv5SMn5UIPOw,Style Beauty,beauty,0,135,1226677,1,0,0,0,1,0,1,,,,,,"""style beauty"" makeup ""makeup ideas"" ""nail art"" nail nails lipstick ""lip art ideas"" ""eye makeup"" ""beauty life hacks"""
UCrOoCdS5Zz55qF0QHvZriyQ,John Kuckian,beauty,316330,188,51359548,0,1,0,0,0,0,0,,,16,61.6k,0,john kuckian british youtuber kuckians courtroom funny comedy fresher freshers drama gossip tea jaclyn hill carli bybel nikkietutorials boy man cute
UC2etEuPIfohP4P53wM0KImA,5-Minute Crafts GIRLY,beauty,565094,122,62811229,0,1,1,1,0,0,0,0,22,"2,400",13.3m,3,"""5-Minute Crafts"" girly ""5-Minute Crafts Girly"" DIY ""Do it yourself"" crafts trucos ""trucos de belliza"" ""proyectos faciles"" ""useful things"" lifehacks tricks tips ""DIY projects"" ""DIY activities"" Handcraft Tutorial woman women girl girls beauty"
UCgwv23FVv3lqh567yagXfNg,DisneyMusicVEVO,beauty,9337950,605,5708397395,0,1,1,1,0,0,0,1355,441615,"2,642",621.6k,60,vevo music video official
UCOAk3B5PdjJbLe2VLsAMXBA,Kbaby,beauty,614531,157,48635812,1,1,1,1,0,0,0,64985,179299,703,363.4k,"1,003","Beauty ""Mommy Channel"" ""Makeup Channel"" ""Baby boy"" Hauls Tutorials GRWM ""Young mom"" ""Teen mom"""
UC0IXvMUUPeYNVGe88ieMDEg,Seventeen,beauty,831325,3079,247253811,0,1,1,1,1,0,1,5391,1449509,"5,638",1.1m,796,"""seventeen magazine"" fashion style prom makeup beauty teen celebrity seventeen 17 dating"
UCp6n5l2AkjO5G50AgdC3Q-A,Allie Sevdalis,beauty,123468,637,17984044,1,1,0,1,0,0,0,3289,9971,759,25.8k,596,"xxalliecosmeticsxx ""allie sevdalis"" ""alisha sevdalis"" ""coffee and couture"" makeup fashion lifestyle vlogging"
UCssD3_aDYhaG44mwP53CO0w,littlemixVEVO,hair,8355470,117,3096752252,0,0,0,1,0,0,0,5214,11506339,,,,vevo music video official
UCZ-C3MumgpIahFQfUdwC6Ig,LifeBeauty,hair,1501942,751,461535794,0,0,0,0,0,0,0,,,,,,"""nail art"" lipstitck nails ""lipstick tutorial"" compilation ""nail art tutorial"" ""nail art design"" hair hairstyles ""hairstyles tutorials"" diy ""how to"" clothes ""life hacks"" ""diy clothes"" ""diy phone case"" ""diy room decor"" ""room decor"" makeup instagram ""eye makeup"" ""diy crafts"""
UCay_OLhWtf9iklq8zg_or0g,Boldly,hair,9203640,3443,8596794713,0,0,1,1,0,0,0,9146,130570,,,,"BuzzFeed ""BuzzFeed Yellow"" ""BuzzFeed Videos"" Funny Humor ""Social Issues"""
UCvBB6OGtQcNXWdT68OgyGUw,Beautycanbraid,hair,880300,322,134097818,0,1,1,0,0,0,1,,,11.7k,493.3k,"2,101","""hair braiding"" ""crochet braid"""
UCIk2OuKT6k-KRZdQ3dKtgkQ,DIY Everyday,hair,293162,224,67597500,0,0,0,1,0,0,1,77,20,,,,"""makeup tutorial"" ""make up"" beauty cosmetics contour lipstick blush diy glitter nails hair hairstyle tutorial"
UCG8rbF3g2AMX70yOd8vqIZg,Logan Paul Vlogs,hair,16888007,502,3342226223,0,1,1,1,1,0,0,19182,4383879,809,16.1m,165,comedy vlogs adventure vacation travel plane vine vines Facebook creator influencer bros hilarious american ohio brother bro blonde athletic ripped buff
UC5Sy6opw8MT_vKcRqX1QDsg,George7575,hair,11142,13,34176179,0,0,0,0,0,0,0,,,,,,
UCw95JvOs39snnMPkYs-6Sog,Jasmine Brown,hair,1749092,268,104689671,1,1,0,1,0,0,0,4348,48849,"2,223",879.5k,559,"Hair beauty fashion hispanic ""african american"" lifestyle tutorial vlog"
UCPOIFuct7fjWKkiDRTNJqrg,Totally TV,hair,2239336,370,361338818,0,1,0,1,0,0,1,48,872,511,33.1k,14,"""Totally TV"" ""Disney Toys Fan"" DisneyToysFan Totally.TV"
UC88--r3FklrnWjfzRy7LUIg,Chizi Duru,hair,187676,179,15406192,0,1,1,1,0,0,0,1068,2265,265,71.1k,580,natural hair 4c 4b nigerian african random teenager life love vlogger product reviews high school college beyonce big american braids tutorial
UCtzwABmVmZ6NDf7D544RuQw,Humble The Poet,hair,189031,367,13421993,0,1,1,1,0,0,1,6062,94161,"3,263",274.3k,858,"""humble the poet"" ""young fateh"" ""kanwer singh"" ""kanwar singh"" ""baaghi music"" ""baagi music"" humblethepoet music unlearn unlearn101 vlog blog quotes inspiration advice learning toronto ""hip hop"" rapper #leh leh superwoman iisuperwoman punjabi ""jus reign"" akakaamazing videos motivation"
UCF1Q_zp3Eh3nuEHvMbdKkqg,AlishaMarieVlogs,hair,2617581,647,384415805,0,0,0,0,0,0,1,,,,,,"""vlog channel"" ""alisha marie"" vlog vlogger vlogging ""alisha marie vlogs"""
UCRWMaVAQWgmaFkOjK-4RAIg,Hannah Forcier,hair,212552,92,20727723,1,1,0,1,0,0,0,9225,2107,136,30.4k,313,"""Hannah Forcier Youtube"" ""Hannah Forcier Youtube Channel"" ""Hannah Forcier Channel"" ""Youtube Hannah Forcier"" ""Youtube channel Hannah Forcier"" ""Channel Hannah Forcier"" ""Hannah Forcier Hair"" ""Beauty Blogger"" ""how all my hair fell out by making one mistake"" Beauty"
UCet0-PKF0k1ibY8vwK3vUTA,Fancy Hair,hair,392851,264,28357348,1,1,1,1,0,0,1,9,421,"3,401",20.4k,195,"""fancy hair"" ""niki sky"" ""get fancy hair"" ""fancy hair extensions"" ""fancy hair tutorials"" ""hair tutorials"" hair hairstyle hairstyles ""how to"" grow braid longer thicker heatless ""no heat"" ""fancy hairstyle"" ""heatless hairstyles"" ""no heat hairstyle"" ""wavy hair"" ""curly hair"" ""hairstyles for long hair"" ""hairstyles for medium hair"" ""braided hairstyle"" ""boho hairstyle"" ""beachy waves"" beach waves ""everyday hair"" ""every day hair"" ""heatless waves"" curls ""heatless wavy hair"" curly"
UCzBWiqz5FUesyxZ6KdaA82g,"Cake, DIY, Makeup, Hairstyles, Nail Art - Topic",hair,0,190,87458348,0,0,0,0,0,0,0,,,,,,
UCKjrT7t9h6GsSkzhFe0ccDA,Zendaya,hair,804264,149,79992365,0,1,1,1,0,0,1,29568,12794153,205,69.6k,48,Shake it up zendaya coleman bella thorne disney channel mickey mouse selena gomez demi lovato justin bieber swag out watch me break down ce rocky zendaya.com
UCfm4y4rHF5HGrSr-qbvOwOg,IISuperwomanII,hair,13324173,681,2462252580,1,1,1,1,0,0,0,8044,5549760,"3,872",7.2m,954,superwoman superwomen iisuperwomanii iisuperwomenii brown comedy rapper indian funny lilly singh parents skits rants lily sing super woman teamsuper team monday thursday supermonday superthursday supersixty bloopers
UCMOTCjsUTvu_O4Rj1i06VtA,Misha Grimes,hair,47964,185,4216171,1,1,1,0,1,0,1,,,"1,606",25.8k,"1,098",Fashion Beauty Lifestyle Clothes Makeup Vlogs
UCctjAAIUSW3DRS-5Phh_hgQ,Kayley Melissa,hair,1524013,551,174731780,0,1,1,1,1,0,0,303,16316,761,108.8k,928,"""how to"" hair ""hair tutorial"" ""hair tutorials"" hairstyle hairstyles ""hair style"" boho bohemian braid braided braids prom wedding formal homecoming cute ""easy 5 minute"""
UCqONv8hrKKTd0ELJcxOVNJQ,THE PRINCE FAMILY,hair,441226,67,22765879,0,0,0,0,0,0,0,,,,,,"""The Prince Family"" ""Prince Family"" ""The Prince Family Vlogs"""
UCLtREJY21xRfCuEKvdki1Kw,H3 Podcast,podcast,1345778,56,83694606,0,1,0,1,0,0,0,13666,1796671,607,1.5m,113,"""h3 podcast"" podcast h3h3 h3h3productions ""ethan and hila"" ""ethan klein"" ""hila klein"""
UCAOwW6UWDZDFZ5meGS-lQhQ,Jenna Julien,podcast,561478,176,48667142,0,1,0,1,1,0,0,,,,,,
UCzH3iADRIq1IJlIXjfNgTpA,Rooster Teeth,podcast,9433963,7704,5407959920,0,1,1,1,0,0,1,10184,1039327,532,305.1k,54,"minecraft gta grand theft auto halo lazer team rwby ruby rose redvsblue red vs blue rvb rooster teeth roosterteeth machinima xbox angry birds achievement ""RT Shorts"" rt shorts funny comedy"
UCq6VFHwMzcMXbuKyG7SQYIg,penguinz0,podcast,2110996,1241,606183408,1,1,0,1,1,0,1,0,171116,31,66.3k,0,Cr1TiKaL Gears of War Call Duty Battlefield Bad Company Fun Tactics
UCVwKDO6BlzL0lBZDSpPv9lw,Chuckie Online,podcast,14579,53,1317069,0,0,0,0,0,0,1,,,,,,
UCZZHPXsg6LopvdOKF7qM6cQ,H3 Podcast Highlights,podcast,408742,160,63779407,0,0,0,0,0,0,0,,,,,,
UCctXZhXmG-kf3tlIXgVZUlw,GaryVee,podcast,1187887,1732,96101016,0,1,1,1,0,0,0,55178,1692036,"3,219",3m,"2,473","entrepreneur vlog vlogger business ""gary vaynerchuk"" garyvee dailyvee askgaryvee ceo marketing ""business advice"" ""social media"" investor success ""social media marketing"" ""social media strategy"" ""self help"" advice"
UCDWIvJwLJsE4LG1Atne2blQ,h3h3Productions,podcast,5490823,286,980577110,0,1,1,1,0,1,0,13666,1796672,607,1.5m,113,h3h3 h3h3productions comedy entertainment
UC1TpCkfbzIta8MwtJbxzzUA,Dj Dark,podcast,53798,143,15269792,1,1,1,1,0,0,1,19,1380,429,13.2k,807,"""Dj Dark"" Romania Muzica ""Deep House"" Podcast"
UC6YuttrRJ_LZNddA_DJ_VSQ,Pilipinas Got Talent,comedy,846909,858,507048795,0,1,1,1,0,0,1,224,17777,369,22k,33,"""got talent"" ""philipines got talent"" ""pilipinas got talent"""
UCvlVuntLjdURVD3b3Hx7kxw,Dry Bar Comedy,comedy,61208,664,11151123,0,0,1,0,0,0,0,,,,,,"""Clean Comedy"" ""Clean Programming"" VidAngel ""Dry Bar"" ""Dry Bar Comedy"" Stand Up Comedy"
UCu1jQRLRj9rA3jGA11N_xbA,InfamousAllegiance,comedy,18025,96,24909899,0,0,0,0,0,0,1,,,,,,infamousallegiance 2pac tupac comedy dave chappelle bruce jamie foxx sarah silverman rap hip hop humor comic stand up comedian
UCDnEa2HC2eeT-cN3pAKnNTw,MusicTalentNow,comedy,0,1215,2231905212,0,0,0,0,0,0,1,,,,,,"music talent singing ""singing solo"" voice ""top voice"" ""x factor"" ""the x factor"" ""got talent"""
UCD_4wBmMO46YRg5v1La9t4Q,MotleyTV,comedy,0,3,644182,0,0,0,0,0,0,0,,,,,,
UCdOeOzEeJa-v57sYlKehuHg,Comedy Raj,comedy,4229,23,577348,0,0,0,0,0,0,0,,,,,,"""Rajasthani Comedy"" ""New Rajasthani comedy"" ""Marwadi Comedy"" ""Hariyanvi Comedy"" ""Comedy Raj"" ""Murari Lal Comedy"" ""New Comedy"""
UCUPD0jQo-EP0B1Nf4uzeIMA,Mazhavil Manorama,comedy,1571735,24755,1626955844,0,0,1,1,0,0,1,89,4320,,,,Mazhavil Manorama Malayalam Kerala TV episode channel
UC1mgLR4aJ9SL3akCNWkOjqw,Bhagath Goud,comedy,830,6,15472,0,0,1,0,0,0,0,,,,,,"""bhagath goud"" ""Telugu vines"" ""comedy vines"" telugu ""telugu comedy"" ""telugu funny videos"" latest 2018"
UCmAPdImtXLGh5E-lTTH4Qmg,Flowers Comedy,comedy,939891,1381,770098635,0,0,1,1,1,0,1,87,2047,,,,"""flowers tv"" ""flower tv comedy night"" ""flower tv comedy"" ""flower tv malayalam"" ""comedy nite flowers"" ""comedy nite"" ""comedy nite flowers channel"" ""suraj venjaramoodu latest comedy"" ""suraj venjaramoodu comedy"" ""malayalam comedy"" ""malayalam comedy movies"" ""flowers smart show"" ""flowers star challenge"" ""flowers tv serial"" ""flowers tv indian music league"" ""flowers tv comedy super nite latest"""
UCUsN5ZwHx2kILm84-jPDeXw,Comedy Central,comedy,6076065,4089,3097886386,0,1,1,1,1,0,1,40351,1574440,"4,321",796.6k,151,Comedy Central videos funny clips comics stand-up shows Roast Charlie Sheen SheenRoast Workaholics Ugly Americans Futurama Jon Benjamin Van Download
UCt9-QMH-92EafTUWkVu8PMA,Jagdish Chaturvedi,comedy,99920,40,4987662,0,0,0,1,1,0,0,,,,,,"""Stand up"" ""stand up comedy"" ""comedy show"" india ""comedy show hindi"" ""stand up india 2017"" ""Jagdish Chaturvedi"" reaction"
UC4MgQnhmgNDJnq-KK8hlEOg,87PFC,comedy,828,3,799058,0,0,0,0,0,0,0,,,,,,
UCiodaA8ksQTXSDwBYbP3NRQ,Nigerian Comedy,comedy,33584,1297,6644632,0,0,0,0,0,0,0,,,,,,
UCS-ML4Hw4FBXKGL_PzIFlFA,BANGLA COMEDY,comedy,0,369,97925102,0,0,1,0,0,0,0,,,,,,"""Bangla Cinema Comedy"" ""Bengali comedy"""
UC5B3wjlBMGbU6rA3Aq5xZsQ,Walter Latham Comedy,comedy,206135,780,126766987,0,0,1,1,0,0,1,489,1599,,,,"""Original Kings of Comedy"" ""Queens of Comedy"" ""Bernie Mac"" ""George Lopez"" ""Chris Rock"" ""Chris Tucker"" ""Richard Pryor"" ""Redd Foxx"" ""George Carlin"" ""Kevin Hart"" ""Steve Harvey"" ""Tyler Perry"" Madea ""Eddie Murphy"" ""Martin Lawrence"" SNL ""Comedy Central"" ""Comic View"" ""Martin Lawrence 1st Ammendment"" ""Shaqs All Star Comedy Jam"" ""Jenna Jameson"" ""Rosa Acosta"" =3 ""equals 3"" Comedy Comedian Funny"
UCW6_6NSn7z5ht6qNHFNnMiQ,Kevin Dollabillz,comedy,10383,25,4527888,0,0,0,0,0,0,1,,,,,,"utopia ""big brother"" ""utopia on fox"" ""big brother feeds"" ""big brother cams"" ""reality tv"" dollabillz ""kevin dollabillz"""
UCQmZ9BIYOBSkxL-eqqg5z-g,MarkAngelComedy,comedy,1784823,158,391461023,0,0,0,0,1,0,1,,,,,,"""mark angel comedy"" ""mark angel"" ""comedy skits"" ""funny videos"" ""naija videos"" ""standup comedy"" emanuella ""denilsion igwe"" ""mark ebere"""
UCK1c5CXY57qNYNp-WrEepqA,Ancestral Lineage Media,comedy,0,170,4194502,0,0,0,0,0,0,1,,,,,,vlog politics educational News people
UCpfuFM5cs0ggtkJM2dNbH8w,Comedy Time,comedy,0,512,19567888,1,0,0,0,0,0,0,,,,,,
UCWMZRtU2xRYVkYlUwtsW-xw,Silwala Comedy Club,comedy,10856,34,1329697,1,0,0,0,0,0,0,,,,,,
UC5BcIVRHqDr1kInDOfq_1aA,PsimoesWeb Comedy,comedy,9864,23,8154678,0,0,0,0,0,0,0,,,,,,
UC712q6SZQHe_sz2p5Pm3_yg,Daniel mwakalasi,comedy,89552,95,31072396,0,0,0,0,0,0,1,,,,,,"tanzania ""bongo flava"" sexy sex ""katt williams"" ""kim kardashian"" ""lady gaga"""
UC_arKvtX-6fpsbQwwm43Ecg,Pk mAST,comedy,550612,1178,347275495,0,0,0,0,0,0,1,,,,,,"""PK Mast"" Pakistani Stage Drama"
UCK1cdF6-oYMrrfPkGfXwTmQ,Alissa Violet,vlog,3225988,31,137020633,0,0,0,0,0,0,0,,,,,,"""Alissa Violet"" Family Friends Games Vlogs Daily Challenges Makeup ""Jake Paul"" ""Team 10"" DIY tutorial vlog ""clout gang"" ""logan paul"" adventure funny comedy"
UCtinbF-Q-fVthA0qrFQTgXQ,CaseyNeistat,vlog,9053681,875,2100137203,0,1,1,1,0,0,0,24221,1752806,"1,851",3m,"1,444","""neistat brothers"" hbo nyc casey neistat"
UCM9r1xn6s30OnlJWb-jc3Sw,xxxtentacion,vlog,2988150,33,381333777,0,0,0,0,0,0,0,,,,,,
UC8b8jeJgftvh6eDXxgddA-A,Laura Lee Vlogs,vlog,378216,43,8229386,0,1,1,1,1,0,1,28356,357182,"2,210",2.1m,320,
UCSeeUM-1TJjWfxFQfbyg6eA,Kelsey Simone,vlog,1516640,160,86317580,1,1,0,1,0,0,1,,,560,742.8k,235,"""everyday makeup tutorial"" ""makeup tutorial"" ""everyday makeup"" ""rosie cheeks and freckles"" makeup ""purpose reaction"" ""make up"" ""everyday makeup routine"" haul grwm teen girl ""justin bieber purpose reaction"" ""nathalie paris"" amanda ""reacting to purpose"" ""purpose album"" koleen sage fashion lookbook ""high school"" steele maddi bragg lauren elizabeth jennxpenn look book kelseysimone kelsey simone kylie jenner fashionista stylist styling ootw"
UC3DkFux8Iv-aYnTRWzwaiBA,Peter McKinnon,vlog,1789871,175,87029576,0,1,0,1,0,0,0,3404,180171,529,718.5k,119,
UCOXFVINC6GCo86LBy0NQCIg,Romee Strijd,vlog,450339,19,14199071,0,0,0,0,0,0,0,,,,,,Romee Strijd
UCYL9lSER7W0kMXbGCprMS0A,Vlogs By DK4L,vlog,1656251,204,127262982,0,1,1,0,0,0,0,,,733,1.8m,55,
UCyQb1TTrfRzQZmEfsx770qw,Jon Olsson,vlog,1078498,702,233341623,0,1,1,0,0,0,0,,,"2,118",924.7k,375,vlogs
UCI4kXahIsuJYCmrEkjFjAtA,ilie's vlogs,vlog,1321241,25,5876154,1,1,0,0,0,0,0,,,"1,819",503.7k,622,"""ilie's vlogs"" ilies ""ilie bivol"" ""ilies vlogs"" ""provocari nebune"" challenge ""daily vlogs"""
UCJCSL8IJfD4d5nunRrmrT1Q,tasya farasya,vlog,275617,105,28640481,0,1,0,0,0,0,0,,,737,502.5k,595,tasya farasya
UCkIindYt0we82auD0YL2V7A,KiA Phạm,vlog,365983,660,242881776,0,0,1,1,0,0,1,5,125,,,,"""KiA Pham"" Roblox ""Chơi game"" ""hướng dẫn download"" ""tải game"" ""truy kích"" ""đột kích"""
UCpLT_6_1ssZzhYPewAlk8Hg,Brittani Boren Leach,vlog,30100,181,2230090,1,0,1,0,0,0,1,,,,,,beauty hair tutorials lifestyle blog makeup products
UCpm6vCgiehSKHtMFFS5ukiA,Katy LifeVlog,vlog,1925605,1644,437781430,0,1,0,0,0,1,0,,,169,353.9k,66,"""Катя и Ваня"" ""Sweet Home"" ""Katy Life Vlog"" Makeupkaty ""Ежедневные влоги"" ""влоги каждый день"" влоги"
UC6BIs35SiXe-j9LOIRq_o5g,emaslife,vlog,192499,206,23295880,1,1,1,1,0,0,1,1753,76254,520,333.2k,507,
UCHVSseA5eTTguk_o5InXu9w,Annie Rose,vlog,355611,166,41997631,1,1,1,1,1,0,0,,,206,24.8k,79,"""annie rose"" ""annie cole"" lily sisters ""girl talk"" ""annie's vlogs"" claire's ""target shopping"" tween teen homeschool shopping routines lifestyle ""room makeover"" ""room tour"""
UCvA9_f5Lwk-poMynabtrZPg,Rans Entertainment,vlog,651585,154,89141770,1,0,0,0,0,0,0,,,,,,
UCKuHFYu3smtrl2AwwMOXOlg,Will Smith,vlog,833758,11,7833687,0,1,1,0,0,0,0,,,84,11.3m,77,"""will smith"" will smith smiths willsmith ""will smith youtube"" ""youtube will smith"" ""will smith channel"" ""will youtube"" ""youtube will"" ""smith youtube"" ""youtube smith"" entertainment comedy"
UC6CSmj3c8fvXTZ9cQX2j_1g,SAKINA FAMILY,vlog,217932,295,53826455,1,1,1,1,0,0,1,74,6427,200,62.2k,258,chaine lifestyle video famille de sakinafamily vlog tendances youtube family
UCut01Hnozs1e3hsG3xMRfFQ,Stormette,vlog,292468,306,21705118,1,1,0,1,0,0,1,3279,5506,"1,233",82.8k,281,"Stormette Charlène Mode Beauté ""Bien être"" Sport Fitness"
UCciyMo0ShVMAlYp3SWAaBcw,natasha wilona,vlog,307990,46,23834534,1,1,0,1,0,0,0,,,,,,
UCmGxxE47pDTBsSu_Dy9LpVQ,Ja Mill,vlog,217393,25,6832959,0,1,1,1,0,0,0,5739,33666,,,,
UCpri3wt2Wo4AUk5_YGj9T4g,RebelTV,prank,697985,73,128058029,0,1,1,1,0,0,0,11,110,25,"2,700",55,RebelTV
UCtfHXfx7Gz-drag8I67PTFQ,TheButtingHeads,prank,131722,38,22794178,0,1,1,1,0,0,0,33,158,9,710,12,"thebuttingheads ""butting heads"" pranks ""public pranks"""
